{
	"$schema": "https://schema.management.azure.com/schemas/2015-01-01/deploymentParameters.json#",
	"contentVersion": "1.0.0.0",
	"parameters": {
		"factoryName": {
			"value": "edm-sbx-sea-adf"
		},
		"FileServer1_password": {
			"value": ""
		},
		"LS_edmsbxsea_asql_connectionString": {
			"value": ""
		},
		"FileServer1_properties_typeProperties_host": {
			"value": "D:\\data"
		},
		"FileServer1_properties_typeProperties_userId": {
			"value": "scbadmin"
		},
		"LS_edmsbxsea_ablb_properties_typeProperties_serviceEndpoint": {
			"value": "https://edmsbxsealandsa.blob.core.windows.net"
		},
		"LS_edmsbxsea_ablob_public_properties_typeProperties_serviceEndpoint": {
			"value": "https://edmsbxsealandsa.blob.core.windows.net"
		},
		"LS_edmsbxsea_adlk_public_properties_typeProperties_url": {
			"value": "https://edmsbxseadlk.dfs.core.windows.net"
		},
		"LS_edmsbxsea_adls_properties_typeProperties_url": {
			"value": "https://edmsbxseadlk.dfs.core.windows.net"
		},
		"TRG_EDMP_DataRecon_properties_PL_EDM_Realtime_Data_Recon_parameters_ControlFilePath": {
			"value": "@triggerBody().folderPath"
		},
		"TRG_EDMP_DataRecon_properties_PL_EDM_Realtime_Data_Recon_parameters_ControlFileName": {
			"value": "@triggerBody().fileName"
		},
		"TRG_EDMP_DataRecon_properties_typeProperties_scope": {
			"value": "/subscriptions/e87cf38c-8f6f-4cb2-a8ec-886a94bc28d5/resourceGroups/edm-sbx-sea-rg/providers/Microsoft.Storage/storageAccounts/edmsbxseadlk"
		},
		"TRG_EDMP_IsdParser_properties_PL_EDM_Realtime_Isd_Parser_parameters_IsdFilePath": {
			"value": "@triggerBody().folderPath"
		},
		"TRG_EDMP_IsdParser_properties_PL_EDM_Realtime_Isd_Parser_parameters_IsdFileName": {
			"value": "@triggerBody().fileName"
		},
		"TRG_EDMP_IsdParser_properties_typeProperties_scope": {
			"value": "/subscriptions/e87cf38c-8f6f-4cb2-a8ec-886a94bc28d5/resourceGroups/edm-sbx-sea-rg/providers/Microsoft.Storage/storageAccounts/edmsbxseadlk"
		},
		"TRG_EDMP_SchemaParseRegister_properties_PL_EDM_Realtime_Schema_Parser_parameters_SchemaFilePath": {
			"value": "@triggerBody().folderPath"
		},
		"TRG_EDMP_SchemaParseRegister_properties_PL_EDM_Realtime_Schema_Parser_parameters_SchemaFileName": {
			"value": "@triggerBody().fileName"
		},
		"TRG_EDMP_SchemaParseRegister_properties_typeProperties_scope": {
			"value": "/subscriptions/e87cf38c-8f6f-4cb2-a8ec-886a94bc28d5/resourceGroups/edm-sbx-sea-rg/providers/Microsoft.Storage/storageAccounts/edmsbxseadlk"
		},
		"TR_Landing_Raw_properties_PL_EDM_BatchIngestion_LandingtoRaw_parameters_filename": {
			"value": "@triggerBody().fileName"
		},
		"TR_Landing_Raw_properties_PL_EDM_BatchIngestion_LandingtoRaw_parameters_filepath": {
			"value": "@triggerBody().folderPath"
		},
		"TR_Landing_Raw_properties_typeProperties_scope": {
			"value": "/subscriptions/e87cf38c-8f6f-4cb2-a8ec-886a94bc28d5/resourceGroups/edm-sbx-sea-rg/providers/Microsoft.Storage/storageAccounts/edmsbxsealandsa"
		},
		"TR_Process_Landing_Files_properties_PL_EDM_BatchIngestion_ProcessLandingFiles_parameters_FilePath": {
			"value": "@triggerBody().folderPath"
		},
		"TR_Process_Landing_Files_properties_PL_EDM_BatchIngestion_ProcessLandingFiles_parameters_FileName": {
			"value": "@triggerBody().fileName"
		},
		"TR_Process_Landing_Files_properties_typeProperties_scope": {
			"value": "/subscriptions/e87cf38c-8f6f-4cb2-a8ec-886a94bc28d5/resourceGroups/edm-sbx-sea-rg/providers/Microsoft.Storage/storageAccounts/edmsbxsealandsa"
		},
		"containerUri": {
			"value": ""
		},
		"containerSasToken": {
			"value": ""
		}
	}
}