{
	"$schema": "http://schema.management.azure.com/schemas/2015-01-01/deploymentTemplate.json#",
	"contentVersion": "1.0.0.0",
	"parameters": {
		"factoryName": {
			"type": "string",
			"metadata": "Data Factory name",
			"defaultValue": "edm-sbx-sea-adf"
		},
		"FileServer1_password": {
			"type": "secureString",
			"metadata": "Secure string for 'password' of 'FileServer1'"
		},
		"FileServer1_properties_typeProperties_host": {
			"type": "string",
			"defaultValue": "D:\\data"
		},
		"FileServer1_properties_typeProperties_userId": {
			"type": "string",
			"defaultValue": "scbadmin"
		}
	},
	"variables": {
		"factoryId": "[concat('Microsoft.DataFactory/factories/', parameters('factoryName'))]"
	},
	"resources": [
		{
			"name": "[concat(parameters('factoryName'), '/DS_edmsbxsea_ablb_archive')]",
			"type": "Microsoft.DataFactory/factories/datasets",
			"apiVersion": "2018-06-01",
			"properties": {
				"linkedServiceName": {
					"referenceName": "LS_edmsbxsea_ablb",
					"type": "LinkedServiceReference"
				},
				"parameters": {
					"Filename": {
						"type": "string"
					},
					"Source": {
						"type": "string"
					},
					"Country_Code": {
						"type": "string"
					},
					"Table_Name": {
						"type": "string"
					}
				},
				"annotations": [],
				"type": "DelimitedText",
				"typeProperties": {
					"location": {
						"type": "AzureBlobStorageLocation",
						"fileName": {
							"value": "@dataset().Filename",
							"type": "Expression"
						},
						"folderPath": {
							"value": "@concat(dataset().Source,'/',dataset().Country_Code,'/',dataset().Table_Name,'/',formatDateTime(utcnow(),'yyyy'),'/',formatDateTime(utcnow(),'MM'),'/',formatDateTime(utcnow(),'dd'))",
							"type": "Expression"
						},
						"container": "archives"
					},
					"columnDelimiter": ",",
					"escapeChar": "\\",
					"firstRowAsHeader": false,
					"quoteChar": "\""
				},
				"schema": []
			},
			"dependsOn": []
		},
		{
			"name": "[concat(parameters('factoryName'), '/DS_edmsbxsea_ablb_demo_landing')]",
			"type": "Microsoft.DataFactory/factories/datasets",
			"apiVersion": "2018-06-01",
			"properties": {
				"linkedServiceName": {
					"referenceName": "LS_edmsbxsea_ablb",
					"type": "LinkedServiceReference"
				},
				"parameters": {
					"FileName": {
						"type": "string"
					}
				},
				"annotations": [],
				"type": "DelimitedText",
				"typeProperties": {
					"location": {
						"type": "AzureBlobStorageLocation",
						"fileName": {
							"value": "@dataset().Filename",
							"type": "Expression"
						},
						"container": "demo"
					},
					"columnDelimiter": ",",
					"escapeChar": "\\",
					"firstRowAsHeader": true,
					"quoteChar": "\""
				},
				"schema": []
			},
			"dependsOn": []
		},
		{
			"name": "[concat(parameters('factoryName'), '/DS_edmsbxsea_ablb_demo_landing_1')]",
			"type": "Microsoft.DataFactory/factories/datasets",
			"apiVersion": "2018-06-01",
			"properties": {
				"linkedServiceName": {
					"referenceName": "LS_edmsbxsea_ablob_public",
					"type": "LinkedServiceReference"
				},
				"parameters": {
					"FileName": {
						"type": "string"
					}
				},
				"annotations": [],
				"type": "DelimitedText",
				"typeProperties": {
					"location": {
						"type": "AzureBlobStorageLocation",
						"fileName": {
							"value": "@dataset().Filename",
							"type": "Expression"
						},
						"container": "demo"
					},
					"columnDelimiter": ",",
					"escapeChar": "\\",
					"quoteChar": "\""
				},
				"schema": []
			},
			"dependsOn": []
		},
		{
			"name": "[concat(parameters('factoryName'), '/DS_edmsbxsea_ablb_intermediate')]",
			"type": "Microsoft.DataFactory/factories/datasets",
			"apiVersion": "2018-06-01",
			"properties": {
				"linkedServiceName": {
					"referenceName": "LS_edmsbxsea_ablb",
					"type": "LinkedServiceReference"
				},
				"parameters": {
					"FolderName": {
						"type": "string"
					},
					"FileName": {
						"type": "string"
					}
				},
				"annotations": [],
				"type": "DelimitedText",
				"typeProperties": {
					"location": {
						"type": "AzureBlobStorageLocation",
						"fileName": {
							"value": "@dataset().FileName",
							"type": "Expression"
						},
						"folderPath": {
							"value": "@dataset().FolderName",
							"type": "Expression"
						},
						"container": "intermediate"
					},
					"columnDelimiter": ",",
					"escapeChar": "\\",
					"firstRowAsHeader": true,
					"quoteChar": "\""
				},
				"schema": []
			},
			"dependsOn": []
		},
		{
			"name": "[concat(parameters('factoryName'), '/DS_edmsbxsea_ablb_landing')]",
			"type": "Microsoft.DataFactory/factories/datasets",
			"apiVersion": "2018-06-01",
			"properties": {
				"linkedServiceName": {
					"referenceName": "LS_edmsbxsea_ablb",
					"type": "LinkedServiceReference"
				},
				"parameters": {
					"FileName": {
						"type": "string"
					}
				},
				"annotations": [],
				"type": "DelimitedText",
				"typeProperties": {
					"location": {
						"type": "AzureBlobStorageLocation",
						"fileName": {
							"value": "@dataset().Filename",
							"type": "Expression"
						}
					},
					"columnDelimiter": ",",
					"escapeChar": "\\",
					"quoteChar": "\""
				},
				"schema": []
			},
			"dependsOn": []
		},
		{
			"name": "[concat(parameters('factoryName'), '/DS_edmsbxsea_ablb_lr_Input')]",
			"type": "Microsoft.DataFactory/factories/datasets",
			"apiVersion": "2018-06-01",
			"properties": {
				"linkedServiceName": {
					"referenceName": "LS_edmsbxsea_ablb",
					"type": "LinkedServiceReference"
				},
				"parameters": {
					"fileName": {
						"type": "string"
					},
					"source": {
						"type": "string"
					},
					"countryCode": {
						"type": "string"
					}
				},
				"annotations": [],
				"type": "DelimitedText",
				"typeProperties": {
					"location": {
						"type": "AzureBlobStorageLocation",
						"fileName": {
							"value": "@dataset().Filename",
							"type": "Expression"
						},
						"folderPath": {
							"value": "@concat('data','/',dataset().source,'/',dataset().countryCode)",
							"type": "Expression"
						},
						"container": "incoming"
					},
					"columnDelimiter": ",",
					"escapeChar": "\\",
					"quoteChar": "\""
				},
				"schema": []
			},
			"dependsOn": []
		},
		{
			"name": "[concat(parameters('factoryName'), '/DS_edmsbxsea_ablb_sf_Input')]",
			"type": "Microsoft.DataFactory/factories/datasets",
			"apiVersion": "2018-06-01",
			"properties": {
				"linkedServiceName": {
					"referenceName": "LS_edmsbxsea_ablb",
					"type": "LinkedServiceReference"
				},
				"annotations": [],
				"type": "DelimitedText",
				"typeProperties": {
					"location": {
						"type": "AzureBlobStorageLocation",
						"folderPath": "data",
						"container": "incoming"
					},
					"columnDelimiter": ",",
					"escapeChar": "\\",
					"quoteChar": "\""
				},
				"schema": []
			},
			"dependsOn": []
		},
		{
			"name": "[concat(parameters('factoryName'), '/DS_edmsbxsea_adls_archive')]",
			"type": "Microsoft.DataFactory/factories/datasets",
			"apiVersion": "2018-06-01",
			"properties": {
				"linkedServiceName": {
					"referenceName": "LS_edmsbxsea_adls",
					"type": "LinkedServiceReference"
				},
				"parameters": {
					"Filename": {
						"type": "string"
					},
					"Source": {
						"type": "string"
					},
					"Country_Code": {
						"type": "string"
					},
					"Table_Name": {
						"type": "string"
					}
				},
				"annotations": [],
				"type": "DelimitedText",
				"typeProperties": {
					"location": {
						"type": "AzureBlobFSLocation",
						"fileSystem": "landing"
					},
					"columnDelimiter": ",",
					"escapeChar": "\\",
					"firstRowAsHeader": false,
					"quoteChar": "\""
				},
				"schema": []
			},
			"dependsOn": []
		},
		{
			"name": "[concat(parameters('factoryName'), '/DS_edmsbxsea_adls_demo_raw')]",
			"type": "Microsoft.DataFactory/factories/datasets",
			"apiVersion": "2018-06-01",
			"properties": {
				"linkedServiceName": {
					"referenceName": "LS_edmsbxsea_adlk_public",
					"type": "LinkedServiceReference"
				},
				"parameters": {
					"Filename": {
						"type": "string"
					}
				},
				"annotations": [],
				"type": "DelimitedText",
				"typeProperties": {
					"location": {
						"type": "AzureBlobFSLocation",
						"fileName": {
							"value": "@dataset().Filename",
							"type": "Expression"
						},
						"fileSystem": "raw"
					},
					"columnDelimiter": ",",
					"escapeChar": "\\",
					"quoteChar": "\""
				},
				"schema": []
			},
			"dependsOn": []
		},
		{
			"name": "[concat(parameters('factoryName'), '/DS_edmsbxsea_adls_demo_raw_1')]",
			"type": "Microsoft.DataFactory/factories/datasets",
			"apiVersion": "2018-06-01",
			"properties": {
				"linkedServiceName": {
					"referenceName": "LS_edmsbxsea_adlk_public",
					"type": "LinkedServiceReference"
				},
				"parameters": {
					"Filename": {
						"type": "string"
					}
				},
				"annotations": [],
				"type": "DelimitedText",
				"typeProperties": {
					"location": {
						"type": "AzureBlobFSLocation",
						"fileName": {
							"value": "@dataset().Filename",
							"type": "Expression"
						},
						"fileSystem": "raw"
					},
					"columnDelimiter": ",",
					"escapeChar": "\\",
					"quoteChar": "\""
				},
				"schema": []
			},
			"dependsOn": []
		},
		{
			"name": "[concat(parameters('factoryName'), '/DS_edmsbxsea_adls_lr_output')]",
			"type": "Microsoft.DataFactory/factories/datasets",
			"apiVersion": "2018-06-01",
			"properties": {
				"linkedServiceName": {
					"referenceName": "LS_edmsbxsea_adls",
					"type": "LinkedServiceReference"
				},
				"parameters": {
					"fileName": {
						"type": "string"
					},
					"source": {
						"type": "string"
					},
					"countryCode": {
						"type": "string"
					},
					"tableName": {
						"type": "string"
					}
				},
				"annotations": [],
				"type": "DelimitedText",
				"typeProperties": {
					"location": {
						"type": "AzureBlobFSLocation",
						"fileName": {
							"value": "@dataset().fileName",
							"type": "Expression"
						},
						"folderPath": {
							"value": "@concat('data','/',dataset().source,'/',dataset().countryCode,'/',dataset().tableName,'/',formatDateTime(utcnow(),'yyyy'),'/',formatDateTime(utcnow(),'MM'),'/',formatDateTime(utcnow(),'dd'))",
							"type": "Expression"
						},
						"fileSystem": "raw"
					},
					"columnDelimiter": ",",
					"escapeChar": "\\",
					"quoteChar": "\""
				},
				"schema": []
			},
			"dependsOn": []
		},
		{
			"name": "[concat(parameters('factoryName'), '/DS_edmsbxsea_adls_raw')]",
			"type": "Microsoft.DataFactory/factories/datasets",
			"apiVersion": "2018-06-01",
			"properties": {
				"linkedServiceName": {
					"referenceName": "LS_edmsbxsea_adls",
					"type": "LinkedServiceReference"
				},
				"parameters": {
					"Filename": {
						"type": "string"
					},
					"Source": {
						"type": "string"
					},
					"Country_Code": {
						"type": "string"
					},
					"Table_Name": {
						"type": "string"
					}
				},
				"annotations": [],
				"type": "DelimitedText",
				"typeProperties": {
					"location": {
						"type": "AzureBlobFSLocation",
						"fileName": {
							"value": "@dataset().Filename",
							"type": "Expression"
						},
						"folderPath": {
							"value": "@concat('Processed','/',dataset().Source,'/',dataset().Country_Code,'/',dataset().Table_Name,'/',formatDateTime(utcnow(),'yyyy'),'/',formatDateTime(utcnow(),'MM'),'/',formatDateTime(utcnow(),'dd'))",
							"type": "Expression"
						},
						"fileSystem": "raw"
					},
					"columnDelimiter": ",",
					"escapeChar": "\\",
					"quoteChar": "\""
				},
				"schema": []
			},
			"dependsOn": []
		},
		{
			"name": "[concat(parameters('factoryName'), '/DS_edmsbxsea_adls_rs_input')]",
			"type": "Microsoft.DataFactory/factories/datasets",
			"apiVersion": "2018-06-01",
			"properties": {
				"linkedServiceName": {
					"referenceName": "LS_edmsbxsea_adls",
					"type": "LinkedServiceReference"
				},
				"parameters": {
					"FileName": {
						"type": "string"
					}
				},
				"annotations": [],
				"type": "DelimitedText",
				"typeProperties": {
					"location": {
						"type": "AzureBlobFSLocation",
						"fileName": {
							"value": "@dataset().Filename",
							"type": "Expression"
						},
						"folderPath": "data",
						"fileSystem": "raw"
					},
					"columnDelimiter": ",",
					"escapeChar": "\\",
					"quoteChar": "\""
				},
				"schema": []
			},
			"dependsOn": []
		},
		{
			"name": "[concat(parameters('factoryName'), '/DS_edmsbxsea_adls_rs_output')]",
			"type": "Microsoft.DataFactory/factories/datasets",
			"apiVersion": "2018-06-01",
			"properties": {
				"linkedServiceName": {
					"referenceName": "LS_edmsbxsea_adls",
					"type": "LinkedServiceReference"
				},
				"parameters": {
					"Filename": {
						"type": "string"
					},
					"Source": {
						"type": "string"
					},
					"Country_Code": {
						"type": "string"
					},
					"Table_Name": {
						"type": "string"
					}
				},
				"annotations": [],
				"type": "DelimitedText",
				"typeProperties": {
					"location": {
						"type": "AzureBlobFSLocation",
						"fileName": {
							"value": "@dataset().Filename",
							"type": "Expression"
						},
						"folderPath": {
							"value": "@concat('data','/',dataset().Source,'/',dataset().Country_Code,'/',dataset().Table_Name,'/',formatDateTime(utcnow(),'yyyy'),'/',formatDateTime(utcnow(),'MM'),'/',formatDateTime(utcnow(),'dd'))",
							"type": "Expression"
						},
						"fileSystem": "raw"
					},
					"columnDelimiter": ",",
					"escapeChar": "\\",
					"quoteChar": "\""
				},
				"schema": []
			},
			"dependsOn": []
		},
		{
			"name": "[concat(parameters('factoryName'), '/DS_edmsbxsea_asql')]",
			"type": "Microsoft.DataFactory/factories/datasets",
			"apiVersion": "2018-06-01",
			"properties": {
				"linkedServiceName": {
					"referenceName": "LS_edmsbxsea_asql",
					"type": "LinkedServiceReference"
				},
				"annotations": [],
				"type": "AzureSqlTable",
				"schema": [
					{
						"name": "Source_row_count",
						"type": "int",
						"precision": 10
					},
					{
						"name": "Destination_row_count",
						"type": "int",
						"precision": 10
					},
					{
						"name": "Filesread",
						"type": "int",
						"precision": 10
					},
					{
						"name": "Fileswritten",
						"type": "int",
						"precision": 10
					}
				],
				"typeProperties": {
					"schema": "ETLlog",
					"table": "FileLog"
				}
			},
			"dependsOn": []
		},
		{
			"name": "[concat(parameters('factoryName'), '/DelimitedText2')]",
			"type": "Microsoft.DataFactory/factories/datasets",
			"apiVersion": "2018-06-01",
			"properties": {
				"linkedServiceName": {
					"referenceName": "LS_edmsbxsea_ablb",
					"type": "LinkedServiceReference"
				},
				"parameters": {
					"directory": {
						"type": "string",
						"defaultValue": "data/ebbs/ph"
					},
					"filename": {
						"type": "string",
						"defaultValue": "ebbs_ph_gintrt_20200906_1000.csv"
					}
				},
				"annotations": [],
				"type": "DelimitedText",
				"typeProperties": {
					"location": {
						"type": "AzureBlobStorageLocation",
						"fileName": {
							"value": "@dataset().filename",
							"type": "Expression"
						},
						"folderPath": {
							"value": "@dataset().directory",
							"type": "Expression"
						},
						"container": "incoming"
					},
					"columnDelimiter": ",",
					"escapeChar": "\\",
					"quoteChar": "\""
				},
				"schema": []
			},
			"dependsOn": []
		},
		{
			"name": "[concat(parameters('factoryName'), '/FileServer1')]",
			"type": "Microsoft.DataFactory/factories/linkedServices",
			"apiVersion": "2018-06-01",
			"properties": {
				"annotations": [],
				"type": "FileServer",
				"typeProperties": {
					"host": "[parameters('FileServer1_properties_typeProperties_host')]",
					"userId": "[parameters('FileServer1_properties_typeProperties_userId')]",
					"password": {
						"type": "SecureString",
						"value": "[parameters('FileServer1_password')]"
					}
				},
				"connectVia": {
					"referenceName": "SelfHostedIntegrationRuntime",
					"type": "IntegrationRuntimeReference"
				}
			},
			"dependsOn": []
		},
		{
			"name": "[concat(parameters('factoryName'), '/PL_Demo_DataPipeline_PrivateEndPoint')]",
			"type": "Microsoft.DataFactory/factories/pipelines",
			"apiVersion": "2018-06-01",
			"properties": {
				"activities": [
					{
						"name": "Copy file from Landing to Raw",
						"type": "Copy",
						"dependsOn": [],
						"policy": {
							"timeout": "7.00:00:00",
							"retry": 0,
							"retryIntervalInSeconds": 30,
							"secureOutput": false,
							"secureInput": false
						},
						"userProperties": [],
						"typeProperties": {
							"source": {
								"type": "DelimitedTextSource",
								"storeSettings": {
									"type": "AzureBlobStorageReadSettings",
									"recursive": false,
									"enablePartitionDiscovery": false
								},
								"formatSettings": {
									"type": "DelimitedTextReadSettings"
								}
							},
							"sink": {
								"type": "DelimitedTextSink",
								"storeSettings": {
									"type": "AzureBlobFSWriteSettings"
								},
								"formatSettings": {
									"type": "DelimitedTextWriteSettings",
									"quoteAllText": true,
									"fileExtension": ".txt"
								}
							},
							"enableStaging": false,
							"translator": {
								"type": "TabularTranslator",
								"typeConversion": true,
								"typeConversionSettings": {
									"allowDataTruncation": true,
									"treatBooleanAsNumber": false
								}
							}
						},
						"inputs": [
							{
								"referenceName": "DS_edmsbxsea_ablb_demo_landing",
								"type": "DatasetReference",
								"parameters": {
									"FileName": "sample_data.csv"
								}
							}
						],
						"outputs": [
							{
								"referenceName": "DS_edmsbxsea_adls_demo_raw",
								"type": "DatasetReference",
								"parameters": {
									"Filename": "sample_data_success.csv"
								}
							}
						]
					},
					{
						"name": "Write to Standardized zone in ADLS",
						"type": "DatabricksNotebook",
						"dependsOn": [
							{
								"activity": "Copy file from Landing to Raw",
								"dependencyConditions": [
									"Succeeded"
								]
							}
						],
						"policy": {
							"timeout": "7.00:00:00",
							"retry": 0,
							"retryIntervalInSeconds": 30,
							"secureOutput": false,
							"secureInput": false
						},
						"userProperties": [],
						"typeProperties": {
							"notebookPath": "/Shared/connect-to-adls"
						},
						"linkedServiceName": {
							"referenceName": "LS_edmsbxsea_adbk",
							"type": "LinkedServiceReference"
						}
					}
				],
				"folder": {
					"name": "demo-security"
				},
				"annotations": [],
				"lastPublishTime": "2021-04-01T04:37:28Z"
			},
			"dependsOn": [
				"[concat(variables('factoryId'), '/datasets/DS_edmsbxsea_ablb_demo_landing')]",
				"[concat(variables('factoryId'), '/datasets/DS_edmsbxsea_adls_demo_raw')]"
			]
		},
		{
			"name": "[concat(parameters('factoryName'), '/PL_Demo_DataPipeline_PublicEndPoint')]",
			"type": "Microsoft.DataFactory/factories/pipelines",
			"apiVersion": "2018-06-01",
			"properties": {
				"activities": [
					{
						"name": "Copy file from Landing to Raw",
						"type": "Copy",
						"dependsOn": [],
						"policy": {
							"timeout": "7.00:00:00",
							"retry": 0,
							"retryIntervalInSeconds": 30,
							"secureOutput": false,
							"secureInput": false
						},
						"userProperties": [],
						"typeProperties": {
							"source": {
								"type": "DelimitedTextSource",
								"storeSettings": {
									"type": "AzureBlobStorageReadSettings",
									"recursive": true,
									"enablePartitionDiscovery": false
								},
								"formatSettings": {
									"type": "DelimitedTextReadSettings"
								}
							},
							"sink": {
								"type": "DelimitedTextSink",
								"storeSettings": {
									"type": "AzureBlobFSWriteSettings"
								},
								"formatSettings": {
									"type": "DelimitedTextWriteSettings",
									"quoteAllText": true,
									"fileExtension": ".txt"
								}
							},
							"enableStaging": false,
							"translator": {
								"type": "TabularTranslator",
								"typeConversion": true,
								"typeConversionSettings": {
									"allowDataTruncation": true,
									"treatBooleanAsNumber": false
								}
							}
						},
						"inputs": [
							{
								"referenceName": "DS_edmsbxsea_ablb_demo_landing_1",
								"type": "DatasetReference",
								"parameters": {
									"FileName": "sample_data.csv"
								}
							}
						],
						"outputs": [
							{
								"referenceName": "DS_edmsbxsea_adls_demo_raw_1",
								"type": "DatasetReference",
								"parameters": {
									"Filename": "sample_data_failure.csv"
								}
							}
						]
					},
					{
						"name": "Write to Standardized zone in ADLS",
						"type": "DatabricksNotebook",
						"dependsOn": [
							{
								"activity": "Copy file from Landing to Raw",
								"dependencyConditions": [
									"Succeeded"
								]
							}
						],
						"policy": {
							"timeout": "7.00:00:00",
							"retry": 0,
							"retryIntervalInSeconds": 30,
							"secureOutput": false,
							"secureInput": false
						},
						"userProperties": [],
						"typeProperties": {
							"notebookPath": "/Shared/connect-to-adls"
						},
						"linkedServiceName": {
							"referenceName": "LS_edmsbxsea_adbk_public",
							"type": "LinkedServiceReference"
						}
					}
				],
				"folder": {
					"name": "demo-security"
				},
				"annotations": [],
				"lastPublishTime": "2021-04-01T05:00:42Z"
			},
			"dependsOn": [
				"[concat(variables('factoryId'), '/datasets/DS_edmsbxsea_ablb_demo_landing_1')]",
				"[concat(variables('factoryId'), '/datasets/DS_edmsbxsea_adls_demo_raw_1')]"
			]
		},
		{
			"name": "[concat(parameters('factoryName'), '/PL_EDM_BatchIngestion_DeleteJobPool')]",
			"type": "Microsoft.DataFactory/factories/pipelines",
			"apiVersion": "2018-06-01",
			"properties": {
				"activities": [
					{
						"name": "ForEachPool",
						"type": "ForEach",
						"dependsOn": [
							{
								"activity": "Get Pools To Be Deleted",
								"dependencyConditions": [
									"Succeeded"
								]
							}
						],
						"userProperties": [],
						"typeProperties": {
							"items": {
								"value": "@activity('Get Pools To Be Deleted').output.value",
								"type": "Expression"
							},
							"activities": [
								{
									"name": "Create Job Pools",
									"type": "WebActivity",
									"dependsOn": [],
									"policy": {
										"timeout": "7.00:00:00",
										"retry": 0,
										"retryIntervalInSeconds": 30,
										"secureOutput": false,
										"secureInput": false
									},
									"userProperties": [],
									"typeProperties": {
										"url": {
											"value": "@pipeline().parameters.DatabricksWorkspaceUrl",
											"type": "Expression"
										},
										"method": "POST",
										"headers": {
											"Authorization": {
												"value": "@pipeline().parameters.DatabricksKey",
												"type": "Expression"
											}
										},
										"body": {
											"value": "@json(item().ConfigurationBody)",
											"type": "Expression"
										}
									}
								},
								{
									"name": "DeletePoolConfigurationLog",
									"type": "SqlServerStoredProcedure",
									"dependsOn": [
										{
											"activity": "Create Job Pools",
											"dependencyConditions": [
												"Succeeded"
											]
										}
									],
									"policy": {
										"timeout": "7.00:00:00",
										"retry": 0,
										"retryIntervalInSeconds": 30,
										"secureOutput": false,
										"secureInput": false
									},
									"userProperties": [],
									"typeProperties": {
										"storedProcedureName": "[[ETLlog].[uspUpdatePoolConfigurationLog]",
										"storedProcedureParameters": {
											"PoolConfigurationID": {
												"value": {
													"value": "@item().PoolConfigurationID",
													"type": "Expression"
												},
												"type": "Int64"
											},
											"InstancePoolId": {
												"value": {
													"value": "@item().InstancePoolId",
													"type": "Expression"
												},
												"type": "String"
											},
											"Mode": {
												"value": "update",
												"type": "String"
											}
										}
									},
									"linkedServiceName": {
										"referenceName": "LS_edmsbxsea_asql",
										"type": "LinkedServiceReference"
									}
								}
							]
						}
					},
					{
						"name": "Get Pools To Be Deleted",
						"type": "Lookup",
						"dependsOn": [
							{
								"activity": "Pipeline Log Stored Procedure",
								"dependencyConditions": [
									"Succeeded"
								]
							}
						],
						"policy": {
							"timeout": "7.00:00:00",
							"retry": 0,
							"retryIntervalInSeconds": 30,
							"secureOutput": false,
							"secureInput": false
						},
						"userProperties": [],
						"typeProperties": {
							"source": {
								"type": "AzureSqlSource",
								"sqlReaderStoredProcedureName": "[[ETLlog].[uspGetActivePools]",
								"queryTimeout": "00:10:00",
								"partitionOption": "None"
							},
							"dataset": {
								"referenceName": "DS_edmsbxsea_asql",
								"type": "DatasetReference",
								"parameters": {}
							},
							"firstRowOnly": false
						}
					},
					{
						"name": "Pipeline Log Stored Procedure",
						"type": "Lookup",
						"dependsOn": [],
						"policy": {
							"timeout": "7.00:00:00",
							"retry": 0,
							"retryIntervalInSeconds": 30,
							"secureOutput": false,
							"secureInput": false
						},
						"userProperties": [],
						"typeProperties": {
							"source": {
								"type": "AzureSqlSource",
								"sqlReaderStoredProcedureName": "[[ETLlog].[uspInsertPipelineLog]",
								"storedProcedureParameters": {
									"ParentPipelineLogID": {
										"value": null
									},
									"SourceObjectID": {
										"value": null
									},
									"PipelineRunID": {
										"value": {
											"value": "@pipeline().RunId",
											"type": "Expression"
										}
									},
									"LoadType": {
										"value": "Job Pool Deletion"
									},
									"ObjectLoadStartDateTime": {
										"value": {
											"value": "@formatDateTime(utcnow(), 'dd-MMM-yyyy HH:mm:ss')",
											"type": "Expression"
										}
									},
									"FileName": {
										"value": null
									},
									"PipeLineName": {
										"value": {
											"value": "@pipeline().Pipeline",
											"type": "Expression"
										}
									}
								},
								"queryTimeout": "02:00:00",
								"partitionOption": "None"
							},
							"dataset": {
								"referenceName": "DS_edmsbxsea_asql",
								"type": "DatasetReference",
								"parameters": {}
							},
							"firstRowOnly": false
						}
					},
					{
						"name": "Update Pipeline Log",
						"type": "SqlServerStoredProcedure",
						"dependsOn": [
							{
								"activity": "ForEachPool",
								"dependencyConditions": [
									"Succeeded"
								]
							}
						],
						"policy": {
							"timeout": "7.00:00:00",
							"retry": 0,
							"retryIntervalInSeconds": 30,
							"secureOutput": false,
							"secureInput": false
						},
						"userProperties": [],
						"typeProperties": {
							"storedProcedureName": "[[ETLlog].[uspUpdatePipelineLog]",
							"storedProcedureParameters": {
								"PipelineLogID": {
									"value": {
										"value": "@activity('Pipeline Log Stored Procedure').output.value[0].PipelineLogID",
										"type": "Expression"
									},
									"type": "Int64"
								},
								"SourceFileProcessLogID": {
									"value": null,
									"type": "Int64"
								},
								"SourceCount": {
									"value": null,
									"type": "Int64"
								},
								"TargetCount": {
									"value": null,
									"type": "Int64"
								},
								"ErrorCount": {
									"value": null,
									"type": "Int64"
								},
								"IsLandingToRawProcessed": {
									"value": null,
									"type": "Single"
								},
								"IsRawtoStandardisedProcessed": {
									"value": null,
									"type": "Single"
								},
								"PipelineStatus": {
									"value": "Succeeded",
									"type": "String"
								},
								"SourceObjectId": {
									"value": null,
									"type": "Int64"
								},
								"SourceId": {
									"value": null,
									"type": "Int64"
								}
							}
						},
						"linkedServiceName": {
							"referenceName": "LS_edmsbxsea_asql",
							"type": "LinkedServiceReference"
						}
					},
					{
						"name": "Insert Activity Error log",
						"type": "SqlServerStoredProcedure",
						"dependsOn": [
							{
								"activity": "ForEachPool",
								"dependencyConditions": [
									"Failed"
								]
							}
						],
						"policy": {
							"timeout": "7.00:00:00",
							"retry": 0,
							"retryIntervalInSeconds": 30,
							"secureOutput": false,
							"secureInput": false
						},
						"userProperties": [],
						"typeProperties": {
							"storedProcedureName": "[[ETLlog].[uspInsertPipelineActivityErrorLog]",
							"storedProcedureParameters": {
								"ErrorMessage": {
									"value": "Delete Job Pool Failed",
									"type": "String"
								},
								"IsLandingToRawProcessed": {
									"value": null,
									"type": "Boolean"
								},
								"IsRawtoStandardisedProcessed": {
									"value": null,
									"type": "Boolean"
								},
								"PipelineActivityLogID": {
									"value": null,
									"type": "Int32"
								},
								"PipelineLogID": {
									"value": {
										"value": "@activity('Pipeline Log Stored Procedure').output.value[0].PipelineLogID",
										"type": "Expression"
									},
									"type": "Int32"
								},
								"SoucreFileProcessLogID": {
									"value": null,
									"type": "Int32"
								}
							}
						},
						"linkedServiceName": {
							"referenceName": "LS_edmsbxsea_asql",
							"type": "LinkedServiceReference"
						}
					}
				],
				"parameters": {
					"DatabricksWorkspaceUrl": {
						"type": "string",
						"defaultValue": "https://adb-8045677374177174.14.azuredatabricks.net/api/2.0/instance-pools/delete"
					},
					"DatabricksKey": {
						"type": "string",
						"defaultValue": "Bearer dapi47c2de9409e9ebff6919f0172f21be72"
					}
				},
				"variables": {
					"var_body": {
						"type": "String"
					}
				},
				"folder": {
					"name": "Batch Ingestion"
				},
				"annotations": []
			},
			"dependsOn": [
				"[concat(variables('factoryId'), '/datasets/DS_edmsbxsea_asql')]"
			]
		}
	]
}