{
	"$schema": "http://schema.management.azure.com/schemas/2015-01-01/deploymentTemplate.json#",
	"contentVersion": "1.0.0.0",
	"parameters": {
		"factoryName": {
			"type": "string",
			"metadata": "Data Factory name",
			"defaultValue": "edm-sbx-sea-adf"
		},
		"LS_edmsbxsea_asql_connectionString": {
			"type": "secureString",
			"metadata": "Secure string for 'connectionString' of 'LS_edmsbxsea_asql'"
		},
		"LS_edmsbxsea_ablb_properties_typeProperties_serviceEndpoint": {
			"type": "string",
			"defaultValue": "https://edmsbxsealandsa.blob.core.windows.net"
		},
		"LS_edmsbxsea_ablob_public_properties_typeProperties_serviceEndpoint": {
			"type": "string",
			"defaultValue": "https://edmsbxsealandsa.blob.core.windows.net"
		},
		"LS_edmsbxsea_adlk_public_properties_typeProperties_url": {
			"type": "string",
			"defaultValue": "https://edmsbxseadlk.dfs.core.windows.net"
		},
		"LS_edmsbxsea_adls_properties_typeProperties_url": {
			"type": "string",
			"defaultValue": "https://edmsbxseadlk.dfs.core.windows.net"
		}
	},
	"variables": {
		"factoryId": "[concat('Microsoft.DataFactory/factories/', parameters('factoryName'))]"
	},
	"resources": [
		{
			"name": "[concat(parameters('factoryName'), '/LS_EDMP_Adbk_BatchIngestion_ExistingInstancePool')]",
			"type": "Microsoft.DataFactory/factories/linkedServices",
			"apiVersion": "2018-06-01",
			"properties": {
				"description": "Linked Service for the Instance pools",
				"parameters": {
					"InstancePoolId": {
						"type": "string",
						"defaultValue": "0609-025219-chef542-pool-8hQtBpXB"
					},
					"ClusterVersion": {
						"type": "string",
						"defaultValue": "7.3.x-scala2.12"
					},
					"WorkerOptions": {
						"type": "string",
						"defaultValue": "1:3"
					},
					"ProjectCode": {
						"type": "string",
						"defaultValue": "POCProject001"
					}
				},
				"annotations": [],
				"type": "AzureDatabricks",
				"typeProperties": {
					"domain": "https://adb-8045677374177174.14.azuredatabricks.net",
					"authentication": "MSI",
					"workspaceResourceId": "/subscriptions/e87cf38c-8f6f-4cb2-a8ec-886a94bc28d5/resourceGroups/edm-sbx-sea-rg/providers/Microsoft.Databricks/workspaces/edm-sbx-sea-adbk",
					"instancePoolId": "@linkedService().InstancePoolId",
					"newClusterNumOfWorker": "@linkedService().WorkerOptions",
					"newClusterSparkEnvVars": {
						"PYSPARK_PYTHON": "/databricks/python3/bin/python3"
					},
					"newClusterCustomTags": {
						"ProjectCode": {
							"value": "@linkedService().ProjectCode",
							"type": "Expression"
						}
					},
					"newClusterVersion": "@linkedService().ClusterVersion",
					"newClusterInitScripts": []
				}
			},
			"dependsOn": []
		},
		{
			"name": "[concat(parameters('factoryName'), '/LS_EDMP_Adbk_BatchIngestion_ExistingInteractiveCluster')]",
			"type": "Microsoft.DataFactory/factories/linkedServices",
			"apiVersion": "2018-06-01",
			"properties": {
				"description": "Linked Service is used for the ExistingInteractiveCluster",
				"parameters": {
					"ExistingClusterID": {
						"type": "string",
						"defaultValue": "0531-084656-quays30"
					}
				},
				"annotations": [],
				"type": "AzureDatabricks",
				"typeProperties": {
					"domain": "https://adb-8045677374177174.14.azuredatabricks.net",
					"authentication": "MSI",
					"workspaceResourceId": "/subscriptions/e87cf38c-8f6f-4cb2-a8ec-886a94bc28d5/resourceGroups/edm-sbx-sea-rg/providers/Microsoft.Databricks/workspaces/edm-sbx-sea-adbk",
					"existingClusterId": "@linkedService().ExistingClusterID"
				}
			},
			"dependsOn": []
		},
		{
			"name": "[concat(parameters('factoryName'), '/LS_EDMP_Adbk_BatchIngestion_NewJobCluster')]",
			"type": "Microsoft.DataFactory/factories/linkedServices",
			"apiVersion": "2018-06-01",
			"properties": {
				"description": "Linked Service for new job cluster.",
				"parameters": {
					"ClusterVersion": {
						"type": "string",
						"defaultValue": "7.3.x-scala2.12"
					},
					"ClusterNodeType": {
						"type": "string",
						"defaultValue": "Standard_DS3_v2"
					},
					"ClusterDriverNodeType": {
						"type": "string",
						"defaultValue": "Standard_DS3_v2"
					},
					"WorkerOptions": {
						"type": "string",
						"defaultValue": "1:3"
					},
					"ProjectCode": {
						"type": "string",
						"defaultValue": "POCProject001"
					}
				},
				"annotations": [],
				"type": "AzureDatabricks",
				"typeProperties": {
					"domain": "https://adb-8045677374177174.14.azuredatabricks.net",
					"authentication": "MSI",
					"workspaceResourceId": "/subscriptions/e87cf38c-8f6f-4cb2-a8ec-886a94bc28d5/resourceGroups/edm-sbx-sea-rg/providers/Microsoft.Databricks/workspaces/edm-sbx-sea-adbk",
					"newClusterNodeType": "@linkedService().ClusterNodeType",
					"newClusterNumOfWorker": "@linkedService().WorkerOptions",
					"newClusterSparkEnvVars": {
						"PYSPARK_PYTHON": "/databricks/python3/bin/python3"
					},
					"newClusterCustomTags": {
						"ProjectCode": {
							"value": "@linkedService().ProjectCode",
							"type": "Expression"
						}
					},
					"newClusterVersion": "@linkedService().ClusterVersion",
					"newClusterInitScripts": [],
					"newClusterDriverNodeType": "@linkedService().ClusterDriverNodeType"
				}
			},
			"dependsOn": []
		},
		{
			"name": "[concat(parameters('factoryName'), '/LS_EDMP_Adbk_RealTimeIngestion')]",
			"type": "Microsoft.DataFactory/factories/linkedServices",
			"apiVersion": "2018-06-01",
			"properties": {
				"annotations": [],
				"type": "AzureDatabricks",
				"typeProperties": {
					"domain": "https://adb-8045677374177174.14.azuredatabricks.net",
					"authentication": "MSI",
					"workspaceResourceId": "/subscriptions/e87cf38c-8f6f-4cb2-a8ec-886a94bc28d5/resourceGroups/edm-sbx-sea-rg/providers/Microsoft.Databricks/workspaces/edm-sbx-sea-adbk",
					"existingClusterId": "0622-085602-lean581"
				}
			},
			"dependsOn": []
		},
		{
			"name": "[concat(parameters('factoryName'), '/LS_edmsbxsea_ablb')]",
			"type": "Microsoft.DataFactory/factories/linkedServices",
			"apiVersion": "2018-06-01",
			"properties": {
				"annotations": [],
				"type": "AzureBlobStorage",
				"typeProperties": {
					"serviceEndpoint": "[parameters('LS_edmsbxsea_ablb_properties_typeProperties_serviceEndpoint')]",
					"accountKind": "StorageV2"
				}
			},
			"dependsOn": []
		},
		{
			"name": "[concat(parameters('factoryName'), '/LS_edmsbxsea_ablob_public')]",
			"type": "Microsoft.DataFactory/factories/linkedServices",
			"apiVersion": "2018-06-01",
			"properties": {
				"annotations": [],
				"type": "AzureBlobStorage",
				"typeProperties": {
					"serviceEndpoint": "[parameters('LS_edmsbxsea_ablob_public_properties_typeProperties_serviceEndpoint')]",
					"accountKind": "StorageV2"
				}
			},
			"dependsOn": []
		},
		{
			"name": "[concat(parameters('factoryName'), '/LS_edmsbxsea_adbk')]",
			"type": "Microsoft.DataFactory/factories/linkedServices",
			"apiVersion": "2018-06-01",
			"properties": {
				"annotations": [],
				"type": "AzureDatabricks",
				"typeProperties": {
					"domain": "https://adb-8045677374177174.14.azuredatabricks.net",
					"authentication": "MSI",
					"workspaceResourceId": "/subscriptions/e87cf38c-8f6f-4cb2-a8ec-886a94bc28d5/resourceGroups/edm-sbx-sea-rg/providers/Microsoft.Databricks/workspaces/edm-sbx-sea-adbk",
					"existingClusterId": "0520-093019-coop92"
				}
			},
			"dependsOn": []
		},
		{
			"name": "[concat(parameters('factoryName'), '/LS_edmsbxsea_adbk_public')]",
			"type": "Microsoft.DataFactory/factories/linkedServices",
			"apiVersion": "2018-06-01",
			"properties": {
				"annotations": [],
				"type": "AzureDatabricks",
				"typeProperties": {
					"domain": "https://adb-8045677374177174.14.azuredatabricks.net",
					"authentication": "MSI",
					"workspaceResourceId": "/subscriptions/e87cf38c-8f6f-4cb2-a8ec-886a94bc28d5/resourceGroups/edm-sbx-sea-rg/providers/Microsoft.Databricks/workspaces/edm-sbx-sea-adbk",
					"existingClusterId": "0531-084656-quays30"
				}
			},
			"dependsOn": []
		},
		{
			"name": "[concat(parameters('factoryName'), '/LS_edmsbxsea_adlk_public')]",
			"type": "Microsoft.DataFactory/factories/linkedServices",
			"apiVersion": "2018-06-01",
			"properties": {
				"annotations": [],
				"type": "AzureBlobFS",
				"typeProperties": {
					"url": "[parameters('LS_edmsbxsea_adlk_public_properties_typeProperties_url')]"
				}
			},
			"dependsOn": []
		},
		{
			"name": "[concat(parameters('factoryName'), '/LS_edmsbxsea_adls')]",
			"type": "Microsoft.DataFactory/factories/linkedServices",
			"apiVersion": "2018-06-01",
			"properties": {
				"annotations": [],
				"type": "AzureBlobFS",
				"typeProperties": {
					"url": "[parameters('LS_edmsbxsea_adls_properties_typeProperties_url')]"
				}
			},
			"dependsOn": []
		},
		{
			"name": "[concat(parameters('factoryName'), '/LS_edmsbxsea_asql')]",
			"type": "Microsoft.DataFactory/factories/linkedServices",
			"apiVersion": "2018-06-01",
			"properties": {
				"annotations": [],
				"type": "AzureSqlDatabase",
				"typeProperties": {
					"connectionString": "[parameters('LS_edmsbxsea_asql_connectionString')]"
				}
			},
			"dependsOn": []
		},
		{
			"name": "[concat(parameters('factoryName'), '/TR_edmsbxsea_raw')]",
			"type": "Microsoft.DataFactory/factories/triggers",
			"apiVersion": "2018-06-01",
			"properties": {
				"annotations": [],
				"runtimeState": "Stopped",
				"pipelines": [],
				"type": "ScheduleTrigger",
				"typeProperties": {
					"recurrence": {
						"frequency": "Minute",
						"interval": 15,
						"startTime": "2021-04-01T13:47:00Z",
						"timeZone": "UTC"
					}
				}
			},
			"dependsOn": []
		},
		{
			"name": "[concat(parameters('factoryName'), '/SelfHostedIntegrationRuntime')]",
			"type": "Microsoft.DataFactory/factories/integrationRuntimes",
			"apiVersion": "2018-06-01",
			"properties": {
				"type": "SelfHosted",
				"typeProperties": {}
			},
			"dependsOn": []
		},
		{
			"name": "[concat(parameters('factoryName'), '/SelfhostedRuntime')]",
			"type": "Microsoft.DataFactory/factories/integrationRuntimes",
			"apiVersion": "2018-06-01",
			"properties": {
				"type": "SelfHosted",
				"typeProperties": {}
			},
			"dependsOn": []
		},
		{
			"name": "[concat(parameters('factoryName'), '/pipeline1')]",
			"type": "Microsoft.DataFactory/factories/pipelines",
			"apiVersion": "2018-06-01",
			"properties": {
				"activities": [
					{
						"name": "Web1",
						"type": "WebActivity",
						"dependsOn": [],
						"policy": {
							"timeout": "7.00:00:00",
							"retry": 0,
							"retryIntervalInSeconds": 30,
							"secureOutput": false,
							"secureInput": false
						},
						"userProperties": [],
						"typeProperties": {
							"url": "https://adb-8045677374177174.14.azuredatabricks.net/api/2.0/jobs//list",
							"method": "GET",
							"headers": {
								"Authorization": "Bearer dapi47c2de9409e9ebff6919f0172f21be72"
							}
						}
					},
					{
						"name": "If Condition1",
						"type": "IfCondition",
						"dependsOn": [
							{
								"activity": "Web1",
								"dependencyConditions": [
									"Succeeded"
								]
							}
						],
						"userProperties": [],
						"typeProperties": {
							"expression": {
								"value": "@lessOrEquals(length(activity('Web1').output.jobs),50)",
								"type": "Expression"
							},
							"ifTrueActivities": [
								{
									"name": "Stored procedure1",
									"type": "SqlServerStoredProcedure",
									"dependsOn": [],
									"policy": {
										"timeout": "7.00:00:00",
										"retry": 0,
										"retryIntervalInSeconds": 30,
										"secureOutput": false,
										"secureInput": false
									},
									"userProperties": [],
									"typeProperties": {
										"storedProcedureName": "[[ETLlog].[uspGetActivePools]"
									},
									"linkedServiceName": {
										"referenceName": "LS_edmsbxsea_asql",
										"type": "LinkedServiceReference"
									}
								}
							]
						}
					}
				],
				"folder": {
					"name": "demo-security"
				},
				"annotations": []
			},
			"dependsOn": [
				"[concat(variables('factoryId'), '/linkedServices/LS_edmsbxsea_asql')]"
			]
		},
		{
			"name": "[concat(parameters('factoryName'), '/Binary1')]",
			"type": "Microsoft.DataFactory/factories/datasets",
			"apiVersion": "2018-06-01",
			"properties": {
				"linkedServiceName": {
					"referenceName": "LS_edmsbxsea_adlk_public",
					"type": "LinkedServiceReference"
				},
				"parameters": {
					"filename": {
						"type": "string"
					}
				},
				"annotations": [],
				"type": "Binary",
				"typeProperties": {
					"location": {
						"type": "AzureBlobFSLocation",
						"fileName": {
							"value": "@dataset().filename",
							"type": "Expression"
						},
						"folderPath": "zip",
						"fileSystem": "staging"
					},
					"compression": {
						"type": "gzip"
					}
				}
			},
			"dependsOn": [
				"[concat(variables('factoryId'), '/linkedServices/LS_edmsbxsea_adlk_public')]"
			]
		},
		{
			"name": "[concat(parameters('factoryName'), '/Binary2')]",
			"type": "Microsoft.DataFactory/factories/datasets",
			"apiVersion": "2018-06-01",
			"properties": {
				"linkedServiceName": {
					"referenceName": "LS_edmsbxsea_adlk_public",
					"type": "LinkedServiceReference"
				},
				"parameters": {
					"filename": {
						"type": "string"
					}
				},
				"annotations": [],
				"type": "Binary",
				"typeProperties": {
					"location": {
						"type": "AzureBlobFSLocation",
						"folderPath": "zip",
						"fileSystem": "staging"
					},
					"compression": {
						"type": "ZipDeflate",
						"level": "Fastest"
					}
				}
			},
			"dependsOn": [
				"[concat(variables('factoryId'), '/linkedServices/LS_edmsbxsea_adlk_public')]"
			]
		},
		{
			"name": "[concat(parameters('factoryName'), '/Binary3')]",
			"type": "Microsoft.DataFactory/factories/datasets",
			"apiVersion": "2018-06-01",
			"properties": {
				"linkedServiceName": {
					"referenceName": "LS_edmsbxsea_adlk_public",
					"type": "LinkedServiceReference"
				},
				"annotations": [],
				"type": "Binary",
				"typeProperties": {
					"location": {
						"type": "AzureBlobFSLocation",
						"folderPath": "unzip",
						"fileSystem": "staging"
					}
				}
			},
			"dependsOn": [
				"[concat(variables('factoryId'), '/linkedServices/LS_edmsbxsea_adlk_public')]"
			]
		},
		{
			"name": "[concat(parameters('factoryName'), '/DS_EDMP_Adls_EnvConfig')]",
			"type": "Microsoft.DataFactory/factories/datasets",
			"apiVersion": "2018-06-01",
			"properties": {
				"linkedServiceName": {
					"referenceName": "LS_edmsbxsea_adls",
					"type": "LinkedServiceReference"
				},
				"parameters": {
					"FileSystem": {
						"type": "string"
					},
					"ConfigFileName": {
						"type": "string"
					}
				},
				"annotations": [],
				"type": "Json",
				"typeProperties": {
					"location": {
						"type": "AzureBlobFSLocation",
						"fileName": {
							"value": "@dataset().ConfigFileName",
							"type": "Expression"
						},
						"fileSystem": {
							"value": "@dataset().FileSystem",
							"type": "Expression"
						}
					}
				},
				"schema": {}
			},
			"dependsOn": [
				"[concat(variables('factoryId'), '/linkedServices/LS_edmsbxsea_adls')]"
			]
		},
		{
			"name": "[concat(parameters('factoryName'), '/DS_edmbxsea_adls_control')]",
			"type": "Microsoft.DataFactory/factories/datasets",
			"apiVersion": "2018-06-01",
			"properties": {
				"linkedServiceName": {
					"referenceName": "LS_edmsbxsea_adls",
					"type": "LinkedServiceReference"
				},
				"parameters": {
					"Filename": {
						"type": "string"
					},
					"Source": {
						"type": "string"
					},
					"Country_Code": {
						"type": "string"
					}
				},
				"annotations": [],
				"type": "DelimitedText",
				"typeProperties": {
					"location": {
						"type": "AzureBlobFSLocation",
						"fileName": {
							"value": "@dataset().Filename",
							"type": "Expression"
						},
						"folderPath": {
							"value": "@concat('control','/',dataset().Source,'/',dataset().Country_Code,'/','/',formatDateTime(utcnow(),'yyyy'),'/',formatDateTime(utcnow(),'MM'),'/',formatDateTime(utcnow(),'dd'))",
							"type": "Expression"
						},
						"fileSystem": "raw"
					},
					"columnDelimiter": ",",
					"escapeChar": "\\",
					"quoteChar": "\""
				},
				"schema": [
					{
						"type": "String"
					},
					{
						"type": "String"
					},
					{
						"type": "String"
					},
					{
						"type": "String"
					},
					{
						"type": "String"
					},
					{
						"type": "String"
					}
				]
			},
			"dependsOn": [
				"[concat(variables('factoryId'), '/linkedServices/LS_edmsbxsea_adls')]"
			]
		}
	]
}