{
	"$schema": "http://schema.management.azure.com/schemas/2015-01-01/deploymentTemplate.json#",
	"contentVersion": "1.0.0.0",
	"parameters": {
		"factoryName": {
			"type": "string",
			"metadata": "Data Factory name",
			"defaultValue": "edm-sbx-sea-adf"
		},
		"FileServer1_password": {
			"type": "secureString",
			"metadata": "Secure string for 'password' of 'FileServer1'"
		},
		"LS_edmsbxsea_asql_connectionString": {
			"type": "secureString",
			"metadata": "Secure string for 'connectionString' of 'LS_edmsbxsea_asql'"
		},
		"FileServer1_properties_typeProperties_host": {
			"type": "string",
			"defaultValue": "D:\\data"
		},
		"FileServer1_properties_typeProperties_userId": {
			"type": "string",
			"defaultValue": "scbadmin"
		},
		"LS_edmsbxsea_ablb_properties_typeProperties_serviceEndpoint": {
			"type": "string",
			"defaultValue": "https://edmsbxsealandsa.blob.core.windows.net"
		},
		"LS_edmsbxsea_ablob_public_properties_typeProperties_serviceEndpoint": {
			"type": "string",
			"defaultValue": "https://edmsbxsealandsa.blob.core.windows.net"
		},
		"LS_edmsbxsea_adlk_public_properties_typeProperties_url": {
			"type": "string",
			"defaultValue": "https://edmsbxseadlk.dfs.core.windows.net"
		},
		"LS_edmsbxsea_adls_properties_typeProperties_url": {
			"type": "string",
			"defaultValue": "https://edmsbxseadlk.dfs.core.windows.net"
		},
		"TRG_EDMP_DataRecon_properties_PL_EDM_Realtime_Data_Recon_parameters_ControlFilePath": {
			"type": "string",
			"defaultValue": "@triggerBody().folderPath"
		},
		"TRG_EDMP_DataRecon_properties_PL_EDM_Realtime_Data_Recon_parameters_ControlFileName": {
			"type": "string",
			"defaultValue": "@triggerBody().fileName"
		},
		"TRG_EDMP_DataRecon_properties_typeProperties_scope": {
			"type": "string",
			"defaultValue": "/subscriptions/e87cf38c-8f6f-4cb2-a8ec-886a94bc28d5/resourceGroups/edm-sbx-sea-rg/providers/Microsoft.Storage/storageAccounts/edmsbxseadlk"
		},
		"TRG_EDMP_IsdParser_properties_PL_EDM_Realtime_Isd_Parser_parameters_IsdFilePath": {
			"type": "string",
			"defaultValue": "@triggerBody().folderPath"
		},
		"TRG_EDMP_IsdParser_properties_PL_EDM_Realtime_Isd_Parser_parameters_IsdFileName": {
			"type": "string",
			"defaultValue": "@triggerBody().fileName"
		},
		"TRG_EDMP_IsdParser_properties_typeProperties_scope": {
			"type": "string",
			"defaultValue": "/subscriptions/e87cf38c-8f6f-4cb2-a8ec-886a94bc28d5/resourceGroups/edm-sbx-sea-rg/providers/Microsoft.Storage/storageAccounts/edmsbxseadlk"
		},
		"TRG_EDMP_SchemaParseRegister_properties_PL_EDM_Realtime_Schema_Parser_parameters_SchemaFilePath": {
			"type": "string",
			"defaultValue": "@triggerBody().folderPath"
		},
		"TRG_EDMP_SchemaParseRegister_properties_PL_EDM_Realtime_Schema_Parser_parameters_SchemaFileName": {
			"type": "string",
			"defaultValue": "@triggerBody().fileName"
		},
		"TRG_EDMP_SchemaParseRegister_properties_typeProperties_scope": {
			"type": "string",
			"defaultValue": "/subscriptions/e87cf38c-8f6f-4cb2-a8ec-886a94bc28d5/resourceGroups/edm-sbx-sea-rg/providers/Microsoft.Storage/storageAccounts/edmsbxseadlk"
		},
		"TR_Landing_Raw_properties_PL_EDM_BatchIngestion_LandingtoRaw_parameters_filename": {
			"type": "string",
			"defaultValue": "@triggerBody().fileName"
		},
		"TR_Landing_Raw_properties_PL_EDM_BatchIngestion_LandingtoRaw_parameters_filepath": {
			"type": "string",
			"defaultValue": "@triggerBody().folderPath"
		},
		"TR_Landing_Raw_properties_typeProperties_scope": {
			"type": "string",
			"defaultValue": "/subscriptions/e87cf38c-8f6f-4cb2-a8ec-886a94bc28d5/resourceGroups/edm-sbx-sea-rg/providers/Microsoft.Storage/storageAccounts/edmsbxsealandsa"
		},
		"TR_Process_Landing_Files_properties_PL_EDM_BatchIngestion_ProcessLandingFiles_parameters_FilePath": {
			"type": "string",
			"defaultValue": "@triggerBody().folderPath"
		},
		"TR_Process_Landing_Files_properties_PL_EDM_BatchIngestion_ProcessLandingFiles_parameters_FileName": {
			"type": "string",
			"defaultValue": "@triggerBody().fileName"
		},
		"TR_Process_Landing_Files_properties_typeProperties_scope": {
			"type": "string",
			"defaultValue": "/subscriptions/e87cf38c-8f6f-4cb2-a8ec-886a94bc28d5/resourceGroups/edm-sbx-sea-rg/providers/Microsoft.Storage/storageAccounts/edmsbxsealandsa"
		},
		"containerUri": {
			"type": "string",
			"metadata": "URI to storage account containing linked ARM templates"
		},
		"containerSasToken": {
			"type": "string",
			"metadata": "Sas token to storage account containing linked ARM templates"
		}
	},
	"variables": {
		"factoryId": "[concat('Microsoft.DataFactory/factories/', parameters('factoryName'))]"
	},
	"resources": [
		{
			"name": "edm-sbx-sea-adf_ArmTemplate_0",
			"type": "Microsoft.Resources/deployments",
			"apiVersion": "2018-02-01",
			"properties": {
				"mode": "incremental",
				"templateLink": {
					"uri": "[concat(parameters('containerUri'), '/ArmTemplate_0.json', parameters('containerSasToken'))]",
					"contentVersion": "1.0.0.0"
				},
				"parameters": {
					"factoryName": {
						"value": "[parameters('factoryName')]"
					},
					"LS_edmsbxsea_asql_connectionString": {
						"value": "[parameters('LS_edmsbxsea_asql_connectionString')]"
					},
					"LS_edmsbxsea_ablb_properties_typeProperties_serviceEndpoint": {
						"value": "[parameters('LS_edmsbxsea_ablb_properties_typeProperties_serviceEndpoint')]"
					},
					"LS_edmsbxsea_ablob_public_properties_typeProperties_serviceEndpoint": {
						"value": "[parameters('LS_edmsbxsea_ablob_public_properties_typeProperties_serviceEndpoint')]"
					},
					"LS_edmsbxsea_adlk_public_properties_typeProperties_url": {
						"value": "[parameters('LS_edmsbxsea_adlk_public_properties_typeProperties_url')]"
					},
					"LS_edmsbxsea_adls_properties_typeProperties_url": {
						"value": "[parameters('LS_edmsbxsea_adls_properties_typeProperties_url')]"
					}
				}
			},
			"dependsOn": []
		},
		{
			"name": "edm-sbx-sea-adf_ArmTemplate_1",
			"type": "Microsoft.Resources/deployments",
			"apiVersion": "2018-02-01",
			"properties": {
				"mode": "incremental",
				"templateLink": {
					"uri": "[concat(parameters('containerUri'), '/ArmTemplate_1.json', parameters('containerSasToken'))]",
					"contentVersion": "1.0.0.0"
				},
				"parameters": {
					"factoryName": {
						"value": "[parameters('factoryName')]"
					},
					"FileServer1_password": {
						"value": "[parameters('FileServer1_password')]"
					},
					"FileServer1_properties_typeProperties_host": {
						"value": "[parameters('FileServer1_properties_typeProperties_host')]"
					},
					"FileServer1_properties_typeProperties_userId": {
						"value": "[parameters('FileServer1_properties_typeProperties_userId')]"
					}
				}
			},
			"dependsOn": [
				"[resourceId('Microsoft.Resources/deployments', 'edm-sbx-sea-adf_ArmTemplate_0')]"
			]
		},
		{
			"name": "edm-sbx-sea-adf_ArmTemplate_2",
			"type": "Microsoft.Resources/deployments",
			"apiVersion": "2018-02-01",
			"properties": {
				"mode": "incremental",
				"templateLink": {
					"uri": "[concat(parameters('containerUri'), '/ArmTemplate_2.json', parameters('containerSasToken'))]",
					"contentVersion": "1.0.0.0"
				},
				"parameters": {
					"factoryName": {
						"value": "[parameters('factoryName')]"
					},
					"TRG_EDMP_DataRecon_properties_PL_EDM_Realtime_Data_Recon_parameters_ControlFilePath": {
						"value": "[parameters('TRG_EDMP_DataRecon_properties_PL_EDM_Realtime_Data_Recon_parameters_ControlFilePath')]"
					},
					"TRG_EDMP_DataRecon_properties_PL_EDM_Realtime_Data_Recon_parameters_ControlFileName": {
						"value": "[parameters('TRG_EDMP_DataRecon_properties_PL_EDM_Realtime_Data_Recon_parameters_ControlFileName')]"
					},
					"TRG_EDMP_DataRecon_properties_typeProperties_scope": {
						"value": "[parameters('TRG_EDMP_DataRecon_properties_typeProperties_scope')]"
					},
					"TRG_EDMP_IsdParser_properties_PL_EDM_Realtime_Isd_Parser_parameters_IsdFilePath": {
						"value": "[parameters('TRG_EDMP_IsdParser_properties_PL_EDM_Realtime_Isd_Parser_parameters_IsdFilePath')]"
					},
					"TRG_EDMP_IsdParser_properties_PL_EDM_Realtime_Isd_Parser_parameters_IsdFileName": {
						"value": "[parameters('TRG_EDMP_IsdParser_properties_PL_EDM_Realtime_Isd_Parser_parameters_IsdFileName')]"
					},
					"TRG_EDMP_IsdParser_properties_typeProperties_scope": {
						"value": "[parameters('TRG_EDMP_IsdParser_properties_typeProperties_scope')]"
					},
					"TRG_EDMP_SchemaParseRegister_properties_PL_EDM_Realtime_Schema_Parser_parameters_SchemaFilePath": {
						"value": "[parameters('TRG_EDMP_SchemaParseRegister_properties_PL_EDM_Realtime_Schema_Parser_parameters_SchemaFilePath')]"
					},
					"TRG_EDMP_SchemaParseRegister_properties_PL_EDM_Realtime_Schema_Parser_parameters_SchemaFileName": {
						"value": "[parameters('TRG_EDMP_SchemaParseRegister_properties_PL_EDM_Realtime_Schema_Parser_parameters_SchemaFileName')]"
					},
					"TRG_EDMP_SchemaParseRegister_properties_typeProperties_scope": {
						"value": "[parameters('TRG_EDMP_SchemaParseRegister_properties_typeProperties_scope')]"
					},
					"TR_Landing_Raw_properties_PL_EDM_BatchIngestion_LandingtoRaw_parameters_filename": {
						"value": "[parameters('TR_Landing_Raw_properties_PL_EDM_BatchIngestion_LandingtoRaw_parameters_filename')]"
					},
					"TR_Landing_Raw_properties_PL_EDM_BatchIngestion_LandingtoRaw_parameters_filepath": {
						"value": "[parameters('TR_Landing_Raw_properties_PL_EDM_BatchIngestion_LandingtoRaw_parameters_filepath')]"
					},
					"TR_Landing_Raw_properties_typeProperties_scope": {
						"value": "[parameters('TR_Landing_Raw_properties_typeProperties_scope')]"
					},
					"TR_Process_Landing_Files_properties_PL_EDM_BatchIngestion_ProcessLandingFiles_parameters_FilePath": {
						"value": "[parameters('TR_Process_Landing_Files_properties_PL_EDM_BatchIngestion_ProcessLandingFiles_parameters_FilePath')]"
					},
					"TR_Process_Landing_Files_properties_PL_EDM_BatchIngestion_ProcessLandingFiles_parameters_FileName": {
						"value": "[parameters('TR_Process_Landing_Files_properties_PL_EDM_BatchIngestion_ProcessLandingFiles_parameters_FileName')]"
					},
					"TR_Process_Landing_Files_properties_typeProperties_scope": {
						"value": "[parameters('TR_Process_Landing_Files_properties_typeProperties_scope')]"
					}
				}
			},
			"dependsOn": [
				"[resourceId('Microsoft.Resources/deployments', 'edm-sbx-sea-adf_ArmTemplate_1')]"
			]
		}
	]
}