{
	"name": "TR_Generate_Control_File",
	"properties": {
		"description": "Trigger to read source file information from meta store and generate control file for further processing.",
		"annotations": [],
		"runtimeState": "Started",
		"pipeline": {
			"pipelineReference": {
				"referenceName": "PL_EDM_BatchIngestion_GenerateControlFile",
				"type": "PipelineReference"
			}
		},
		"type": "TumblingWindowTrigger",
		"typeProperties": {
			"frequency": "Minute",
			"interval": 5,
			"startTime": "2021-07-12T11:52:00Z",
			"delay": "00:00:00",
			"maxConcurrency": 50,
			"retryPolicy": {
				"intervalInSeconds": 30
			},
			"dependsOn": [
				{
					"type": "SelfDependencyTumblingWindowTriggerReference",
					"offset": "-0.00:05:00"
				}
			]
		}
	}
}