{
	"name": "TR_Landing_Raw",
	"properties": {
		"description": "Trigger to initiate landing to raw processing based on control file",
		"annotations": [],
		"runtimeState": "Started",
		"pipelines": [
			{
				"pipelineReference": {
					"referenceName": "PL_EDM_BatchIngestion_LandingtoRaw",
					"type": "PipelineReference"
				},
				"parameters": {
					"filename": "@triggerBody().fileName",
					"filepath": "@triggerBody().folderPath"
				}
			}
		],
		"type": "BlobEventsTrigger",
		"typeProperties": {
			"blobPathBeginsWith": "/intermediate/blobs/",
			"ignoreEmptyBlobs": false,
			"scope": "/subscriptions/e87cf38c-8f6f-4cb2-a8ec-886a94bc28d5/resourceGroups/edm-sbx-sea-rg/providers/Microsoft.Storage/storageAccounts/edmsbxsealandsa",
			"events": [
				"Microsoft.Storage.BlobCreated"
			]
		}
	}
}