{
	"name": "TRG_EDMP_SchemaParseRegister",
	"properties": {
		"annotations": [],
		"runtimeState": "Stopped",
		"pipelines": [
			{
				"pipelineReference": {
					"referenceName": "PL_EDM_Realtime_Schema_Parser",
					"type": "PipelineReference"
				},
				"parameters": {
					"SchemaFilePath": "@triggerBody().folderPath",
					"SchemaFileName": "@triggerBody().fileName"
				}
			}
		],
		"type": "BlobEventsTrigger",
		"typeProperties": {
			"blobPathBeginsWith": "/raw/blobs/schema",
			"ignoreEmptyBlobs": true,
			"scope": "/subscriptions/e87cf38c-8f6f-4cb2-a8ec-886a94bc28d5/resourceGroups/edm-sbx-sea-rg/providers/Microsoft.Storage/storageAccounts/edmsbxseadlk",
			"events": [
				"Microsoft.Storage.BlobCreated"
			]
		}
	}
}