{
	"name": "TR_EDM_ArchiveETLLogs",
	"properties": {
		"description": "This Trigger created to schedule the PL_EDM_ArchiveETLLogs pipeline which deletes the ETL logs which are older than specific period.",
		"annotations": [],
		"runtimeState": "Stopped",
		"pipelines": [
			{
				"pipelineReference": {
					"referenceName": "PL_EDM_ArchiveETLLogs",
					"type": "PipelineReference"
				}
			}
		],
		"type": "ScheduleTrigger",
		"typeProperties": {
			"recurrence": {
				"frequency": "Month",
				"interval": 1,
				"startTime": "2021-08-23T07:07:00Z",
				"timeZone": "UTC",
				"schedule": {
					"minutes": [
						0
					],
					"hours": [
						0
					],
					"monthDays": [
						1
					]
				}
			}
		}
	}
}