{
	"name": "TR_Process_Landing_Files",
	"properties": {
		"description": "Trigger to read landing files as and when they arrive in the storage",
		"annotations": [],
		"runtimeState": "Stopped",
		"pipelines": [
			{
				"pipelineReference": {
					"referenceName": "PL_EDM_BatchIngestion_ProcessLandingFiles",
					"type": "PipelineReference"
				},
				"parameters": {
					"FilePath": "@triggerBody().folderPath",
					"FileName": "@triggerBody().fileName"
				}
			}
		],
		"type": "BlobEventsTrigger",
		"typeProperties": {
			"blobPathBeginsWith": "/incoming/blobs/data",
			"ignoreEmptyBlobs": false,
			"scope": "/subscriptions/e87cf38c-8f6f-4cb2-a8ec-886a94bc28d5/resourceGroups/edm-sbx-sea-rg/providers/Microsoft.Storage/storageAccounts/edmsbxsealandsa",
			"events": [
				"Microsoft.Storage.BlobCreated"
			]
		}
	}
}