{
	"name": "TR_Raw_Standardized",
	"properties": {
		"description": "Trigger to execute raw to standardized pipeline",
		"annotations": [],
		"runtimeState": "Stopped",
		"pipelines": [
			{
				"pipelineReference": {
					"referenceName": "PL_EDM_BatchIngestion_RawToStandardized",
					"type": "PipelineReference"
				},
				"parameters": {
					"FrequencyDurationUnit": "Day",
					"ConfigFileSystem": "raw",
					"ConfigFileName": "scb_env_config.json"
				}
			}
		],
		"type": "ScheduleTrigger",
		"typeProperties": {
			"recurrence": {
				"frequency": "Minute",
				"interval": 5,
				"startTime": "2021-07-30T10:40:00Z",
				"timeZone": "UTC"
			}
		}
	}
}