{
	"name": "pipeline1",
	"properties": {
		"activities": [
			{
				"name": "Web1",
				"type": "WebActivity",
				"dependsOn": [],
				"policy": {
					"timeout": "7.00:00:00",
					"retry": 0,
					"retryIntervalInSeconds": 30,
					"secureOutput": false,
					"secureInput": false
				},
				"userProperties": [],
				"typeProperties": {
					"url": "https://adb-8045677374177174.14.azuredatabricks.net/api/2.0/jobs//list",
					"method": "GET",
					"headers": {
						"Authorization": "Bearer dapi47c2de9409e9ebff6919f0172f21be72"
					}
				}
			},
			{
				"name": "If Condition1",
				"type": "IfCondition",
				"dependsOn": [
					{
						"activity": "Web1",
						"dependencyConditions": [
							"Succeeded"
						]
					}
				],
				"userProperties": [],
				"typeProperties": {
					"expression": {
						"value": "@lessOrEquals(length(activity('Web1').output.jobs),50)",
						"type": "Expression"
					},
					"ifTrueActivities": [
						{
							"name": "Stored procedure1",
							"type": "SqlServerStoredProcedure",
							"dependsOn": [],
							"policy": {
								"timeout": "7.00:00:00",
								"retry": 0,
								"retryIntervalInSeconds": 30,
								"secureOutput": false,
								"secureInput": false
							},
							"userProperties": [],
							"typeProperties": {
								"storedProcedureName": "[ETLlog].[uspGetActivePools]"
							},
							"linkedServiceName": {
								"referenceName": "LS_edmsbxsea_asql",
								"type": "LinkedServiceReference"
							}
						}
					]
				}
			}
		],
		"folder": {
			"name": "demo-security"
		},
		"annotations": []
	}
}