{
	"name": "PL_EDM_BatchIngestion_RawToStandardized_SourceLevel",
	"properties": {
		"activities": [
			{
				"name": "Pipeline Log Stored Procedure",
				"type": "Lookup",
				"dependsOn": [],
				"policy": {
					"timeout": "7.00:00:00",
					"retry": 0,
					"retryIntervalInSeconds": 30,
					"secureOutput": false,
					"secureInput": false
				},
				"userProperties": [],
				"typeProperties": {
					"source": {
						"type": "AzureSqlSource",
						"sqlReaderStoredProcedureName": "[ETLlog].[uspInsertPipelineLog]",
						"storedProcedureParameters": {
							"ParentPipelineLogID": {
								"value": null
							},
							"SourceObjectID": {
								"value": null
							},
							"PipelineRunID": {
								"value": {
									"value": "@pipeline().RunId",
									"type": "Expression"
								}
							},
							"LoadType": {
								"value": "RawToStandardizeSource"
							},
							"ObjectLoadStartDateTime": {
								"value": {
									"value": "@formatDateTime(utcnow(), 'dd-MMM-yyyy HH:mm:ss')",
									"type": "Expression"
								}
							},
							"FileName": {
								"value": "RTS"
							},
							"PipeLineName": {
								"value": {
									"value": "@pipeline().Pipeline",
									"type": "Expression"
								}
							}
						},
						"queryTimeout": "02:00:00",
						"partitionOption": "None"
					},
					"dataset": {
						"referenceName": "DS_edmsbxsea_asql",
						"type": "DatasetReference"
					},
					"firstRowOnly": false
				}
			},
			{
				"name": "Activity Log Stored Procedure",
				"type": "Lookup",
				"dependsOn": [
					{
						"activity": "Pipeline Log Stored Procedure",
						"dependencyConditions": [
							"Succeeded"
						]
					}
				],
				"policy": {
					"timeout": "7.00:00:00",
					"retry": 0,
					"retryIntervalInSeconds": 30,
					"secureOutput": false,
					"secureInput": false
				},
				"userProperties": [],
				"typeProperties": {
					"source": {
						"type": "AzureSqlSource",
						"sqlReaderStoredProcedureName": "[ETLlog].[uspInsertPipelineEtlActivityLog]",
						"storedProcedureParameters": {
							"SourceObjectID": {
								"value": null
							},
							"PipelineLogID": {
								"value": {
									"value": "@activity('Pipeline Log Stored Procedure').output.value[0].PipelineLogID",
									"type": "Expression"
								}
							},
							"ActivityName": {
								"value": {
									"value": "RawToStandardizesource",
									"type": "Expression"
								}
							},
							"ActivityType": {
								"value": "Databricks"
							}
						},
						"queryTimeout": "02:00:00",
						"partitionOption": "None"
					},
					"dataset": {
						"referenceName": "DS_edmsbxsea_asql",
						"type": "DatasetReference"
					},
					"firstRowOnly": false
				}
			},
			{
				"name": "Get Source ObjectID To Be Processed",
				"type": "Lookup",
				"dependsOn": [
					{
						"activity": "Activity Log Stored Procedure",
						"dependencyConditions": [
							"Succeeded"
						]
					}
				],
				"policy": {
					"timeout": "7.00:00:00",
					"retry": 0,
					"retryIntervalInSeconds": 30,
					"secureOutput": false,
					"secureInput": false
				},
				"userProperties": [],
				"typeProperties": {
					"source": {
						"type": "AzureSqlSource",
						"sqlReaderStoredProcedureName": "[ETLlog].[uspGetSourceBatchToProcessed]",
						"storedProcedureParameters": {
							"SourceId": {
								"value": {
									"value": "@pipeline().parameters.SourceId",
									"type": "Expression"
								}
							}
						},
						"queryTimeout": "02:00:00",
						"partitionOption": "None"
					},
					"dataset": {
						"referenceName": "DS_edmsbxsea_asql",
						"type": "DatasetReference"
					},
					"firstRowOnly": false
				}
			},
			{
				"name": "ForEach Batch Level Processing",
				"type": "ForEach",
				"dependsOn": [
					{
						"activity": "Get Source ObjectID To Be Processed",
						"dependencyConditions": [
							"Succeeded"
						]
					}
				],
				"userProperties": [],
				"typeProperties": {
					"items": {
						"value": "@activity('Get Source ObjectID To Be Processed').output.value",
						"type": "Expression"
					},
					"isSequential": true,
					"activities": [
						{
							"name": "Raw To Standardized Pipeline",
							"type": "ExecutePipeline",
							"dependsOn": [],
							"userProperties": [],
							"typeProperties": {
								"pipeline": {
									"referenceName": "PL_EDM_BatchIngestion_RawToStandardized_Batch",
									"type": "PipelineReference"
								},
								"waitOnCompletion": true,
								"parameters": {
									"BatchId": {
										"value": "@item().BatchId",
										"type": "Expression"
									},
									"SourceId": {
										"value": "@pipeline().parameters.SourceId",
										"type": "Expression"
									}
								}
							}
						}
					]
				}
			}
		],
		"parameters": {
			"SourceId": {
				"type": "int"
			}
		},
		"variables": {
			"query": {
				"type": "String",
				"defaultValue": " SELECT* FROM ( SELECT sourceobjectid,(Row_Number()Over(Order by sourceobjectid desc)/20+1)as rno FROM Etllog.SourceFileProcessLog )S WHERE rno="
			}
		},
		"folder": {
			"name": "Batch Ingestion"
		},
		"annotations": [],
		"lastPublishTime": "2021-04-19T06:44:26Z"
	},
	"type": "Microsoft.DataFactory/factories/pipelines"
}