{
	"name": "PL_EDM_BatchIngestion_RawToStandardized_Master",
	"properties": {
		"activities": [
			{
				"name": "Get Souces To Be Processed",
				"type": "Lookup",
				"dependsOn": [],
				"policy": {
					"timeout": "7.00:00:00",
					"retry": 0,
					"retryIntervalInSeconds": 30,
					"secureOutput": false,
					"secureInput": false
				},
				"userProperties": [],
				"typeProperties": {
					"source": {
						"type": "AzureSqlSource",
						"sqlReaderStoredProcedureName": "[ETLlog].[uspGetSourceToProcessed]",
						"storedProcedureParameters": {
							"FrequencyDurationUnit": {
								"value": {
									"value": "@pipeline().parameters.FrequencyDurationUnit",
									"type": "Expression"
								}
							}
						},
						"queryTimeout": "02:00:00",
						"partitionOption": "None"
					},
					"dataset": {
						"referenceName": "DS_edmsbxsea_asql",
						"type": "DatasetReference"
					},
					"firstRowOnly": false
				}
			},
			{
				"name": "ForEachSource",
				"type": "ForEach",
				"dependsOn": [
					{
						"activity": "Get Souces To Be Processed",
						"dependencyConditions": [
							"Succeeded"
						]
					}
				],
				"userProperties": [],
				"typeProperties": {
					"items": {
						"value": "@activity('Get Souces To Be Processed').output.value",
						"type": "Expression"
					},
					"isSequential": false,
					"activities": [
						{
							"name": "Exec RawToStandardized",
							"type": "ExecutePipeline",
							"dependsOn": [],
							"userProperties": [],
							"typeProperties": {
								"pipeline": {
									"referenceName": "PL_EDM_BatchIngestion_RawToStandardized_SourceLevel",
									"type": "PipelineReference"
								},
								"waitOnCompletion": true,
								"parameters": {
									"SourceId": {
										"value": "@item().sourceid",
										"type": "Expression"
									}
								}
							}
						}
					]
				}
			}
		],
		"parameters": {
			"FrequencyDurationUnit": {
				"type": "string",
				"defaultValue": "Day"
			}
		},
		"folder": {
			"name": "Batch Ingestion"
		},
		"annotations": []
	}
}