{
	"name": "PL_EDM_BatchIngestion_RawToStandardized_Batch",
	"properties": {
		"activities": [
			{
				"name": "Get Source Object ID To Process",
				"type": "Lookup",
				"dependsOn": [],
				"policy": {
					"timeout": "7.00:00:00",
					"retry": 0,
					"retryIntervalInSeconds": 30,
					"secureOutput": false,
					"secureInput": false
				},
				"userProperties": [],
				"typeProperties": {
					"source": {
						"type": "AzureSqlSource",
						"sqlReaderStoredProcedureName": "[ETLlog].[uspGetSourceObjectIdToProcessed]",
						"storedProcedureParameters": {
							"BatchId": {
								"type": "Int32",
								"value": {
									"value": "@pipeline().parameters.BatchId",
									"type": "Expression"
								}
							},
							"SourceId": {
								"type": "Int32",
								"value": {
									"value": "@pipeline().parameters.SourceId",
									"type": "Expression"
								}
							}
						},
						"queryTimeout": "02:00:00",
						"partitionOption": "None"
					},
					"dataset": {
						"referenceName": "DS_edmsbxsea_asql",
						"type": "DatasetReference"
					},
					"firstRowOnly": false
				}
			},
			{
				"name": "ForEach Source ObjectId",
				"type": "ForEach",
				"dependsOn": [
					{
						"activity": "Get Source Object ID To Process",
						"dependencyConditions": [
							"Succeeded"
						]
					}
				],
				"userProperties": [],
				"typeProperties": {
					"items": {
						"value": "@activity('Get Source Object ID To Process').output.value",
						"type": "Expression"
					},
					"isSequential": false,
					"batchCount": 50,
					"activities": [
						{
							"name": "Execute Raw To Standardized Source Pipeline",
							"type": "ExecutePipeline",
							"dependsOn": [],
							"userProperties": [],
							"typeProperties": {
								"pipeline": {
									"referenceName": "PL_EDM_BatchIngestion_RawToStandardized",
									"type": "PipelineReference"
								},
								"waitOnCompletion": true,
								"parameters": {
									"SourceId": {
										"value": "@pipeline().parameters.SourceId",
										"type": "Expression"
									},
									"SourceObjectId": {
										"value": "@item().SourceObjectID",
										"type": "Expression"
									}
								}
							}
						}
					]
				}
			}
		],
		"parameters": {
			"BatchId": {
				"type": "int"
			},
			"SourceId": {
				"type": "int"
			}
		},
		"folder": {
			"name": "Batch Ingestion"
		},
		"annotations": [],
		"lastPublishTime": "2021-04-19T06:44:26Z"
	},
	"type": "Microsoft.DataFactory/factories/pipelines"
}