{
	"name": "PL_EDM_BatchIngestion_LandingtoRaw",
	"properties": {
		"activities": [
			{
				"name": "Pipeline Log Stored Procedure",
				"type": "Lookup",
				"dependsOn": [],
				"policy": {
					"timeout": "7.00:00:00",
					"retry": 0,
					"retryIntervalInSeconds": 30,
					"secureOutput": false,
					"secureInput": false
				},
				"userProperties": [],
				"typeProperties": {
					"source": {
						"type": "AzureSqlSource",
						"sqlReaderStoredProcedureName": "[ETLlog].[uspInsertPipelineLog]",
						"storedProcedureParameters": {
							"ParentPipelineLogID": {
								"value": null
							},
							"SourceObjectID": {
								"value": null
							},
							"PipelineRunID": {
								"value": {
									"value": "@pipeline().RunId",
									"type": "Expression"
								}
							},
							"LoadType": {
								"value": "LandingToRaw"
							},
							"ObjectLoadStartDateTime": {
								"value": {
									"value": "@formatDateTime(utcnow(), 'dd-MMM-yyyy HH:mm:ss')",
									"type": "Expression"
								}
							},
							"FileName": {
								"value": {
									"value": "@pipeline().parameters.filename",
									"type": "Expression"
								}
							},
							"PipeLineName": {
								"value": {
									"value": "@pipeline().Pipeline",
									"type": "Expression"
								}
							}
						},
						"queryTimeout": "02:00:00",
						"partitionOption": "None"
					},
					"dataset": {
						"referenceName": "DS_edmsbxsea_asql",
						"type": "DatasetReference"
					},
					"firstRowOnly": false
				}
			},
			{
				"name": "Get Cluster Configuration db",
				"type": "Lookup",
				"dependsOn": [
					{
						"activity": "Pipeline Log Stored Procedure",
						"dependencyConditions": [
							"Succeeded"
						]
					}
				],
				"policy": {
					"timeout": "7.00:00:00",
					"retry": 0,
					"retryIntervalInSeconds": 30,
					"secureOutput": false,
					"secureInput": false
				},
				"userProperties": [],
				"typeProperties": {
					"source": {
						"type": "AzureSqlSource",
						"sqlReaderStoredProcedureName": "[ETLlog].[uspGetProcessConfiguration]",
						"storedProcedureParameters": {
							"SourceObjectId": {
								"type": "String",
								"value": null
							},
							"SourceID": {
								"type": "String",
								"value": null
							},
							"Type": {
								"type": "String",
								"value": "LandingToRaw"
							},
							"FileName": {
								"type": "String",
								"value": {
									"value": "@pipeline().parameters.filename",
									"type": "Expression"
								}
							}
						},
						"queryTimeout": "02:00:00",
						"partitionOption": "None"
					},
					"dataset": {
						"referenceName": "DS_edmsbxsea_asql",
						"type": "DatasetReference"
					},
					"firstRowOnly": true
				}
			},
			{
				"name": "Insert Master Notebook Activity Log",
				"type": "Lookup",
				"dependsOn": [
					{
						"activity": "Get Cluster Configuration db",
						"dependencyConditions": [
							"Succeeded"
						]
					}
				],
				"policy": {
					"timeout": "7.00:00:00",
					"retry": 0,
					"retryIntervalInSeconds": 30,
					"secureOutput": false,
					"secureInput": false
				},
				"userProperties": [],
				"typeProperties": {
					"source": {
						"type": "AzureSqlSource",
						"sqlReaderStoredProcedureName": "[ETLlog].[uspInsertPipelineEtlActivityLog]",
						"storedProcedureParameters": {
							"ActivityName": {
								"type": "String",
								"value": "Param Config Parser"
							},
							"ActivityType": {
								"type": "String",
								"value": "Databricks"
							},
							"PipelineLogID": {
								"type": "Int32",
								"value": {
									"value": "@activity('Pipeline Log Stored Procedure').output.value[0].PipelineLogID",
									"type": "Expression"
								}
							},
							"SourceObjectID": {
								"type": "Int32",
								"value": null
							}
						},
						"queryTimeout": "02:00:00",
						"partitionOption": "None"
					},
					"dataset": {
						"referenceName": "DS_edmsbxsea_asql",
						"type": "DatasetReference"
					}
				}
			},
			{
				"name": "Master Notebook",
				"type": "DatabricksNotebook",
				"dependsOn": [
					{
						"activity": "Insert Master Notebook Activity Log",
						"dependencyConditions": [
							"Succeeded"
						]
					}
				],
				"policy": {
					"timeout": "7.00:00:00",
					"retry": 10,
					"retryIntervalInSeconds": 30,
					"secureOutput": false,
					"secureInput": false
				},
				"userProperties": [],
				"typeProperties": {
					"notebookPath": "/Users/v-vjangid@microsoft.com/SCB_Batch_Ingestion_Framework/MasterNotebook",
					"baseParameters": {
						"FileName": {
							"value": "@pipeline().parameters.filename",
							"type": "Expression"
						},
						"Source": {
							"value": "@split(pipeline().parameters.filepath, '/')[2]",
							"type": "Expression"
						},
						"Country": {
							"value": "@split(pipeline().parameters.filepath, '/')[3]",
							"type": "Expression"
						},
						"PipelineLogID": {
							"value": "@string(activity('Pipeline Log Stored Procedure').output.value[0].PipelineLogID)",
							"type": "Expression"
						}
					},
					"libraries": [
						{
							"maven": {
								"coordinates": "com.databricks:spark-xml_2.12:0.12.0"
							}
						},
						{
							"maven": {
								"coordinates": "com.ibm.informix:odbc:4.10.10"
							}
						},
						{
							"pypi": {
								"package": "pyodbc"
							}
						},
						{
							"maven": {
								"coordinates": "com.github.gslowikowski:spark-xml-extensions:1.0.0"
							}
						},
						{
							"maven": {
								"coordinates": "com.microsoft.azure:spark-mssql-connector:1.0.1"
							}
						},
						{
							"maven": {
								"coordinates": "com.microsoft.azure:spark-mssql-connector_2.12_3.0:1.0.0-alpha"
							}
						},
						{
							"jar": "dbfs:/FileStore/jars/9abdff4f_2dd5_46aa_ae90_08f1ab02ca9f-spark_core_2_11_1_5_2_logging-d50fe.jar"
						},
						{
							"maven": {
								"coordinates": "com.microsoft.azure:azure-eventhubs-spark_2.12:2.3.18"
							}
						},
						{
							"whl": "dbfs:/FileStore/jars/53056c60_e841_4b8d_ae35_066c37e3ccdc/edm-_Build.BuildNumber_-py3-none-any.whl"
						},
						{
							"jar": "dbfs:/pepsparkDBR_3.0.1_7.2.0.17.RC_pty.jar"
						},
						{
							"jar": "dbfs:/pephiveDBR_2.3.7_7.2.0.17.RC_pty.jar"
						}
					]
				},
				"linkedServiceName": {
					"referenceName": "LS_EDMP_Adbk_BatchIngestion_ExistingInstancePool",
					"type": "LinkedServiceReference",
					"parameters": {
						"InstancePoolId": {
							"value": "@activity('Get Cluster Configuration db').output.firstRow.InstancePoolId",
							"type": "Expression"
						},
						"ClusterVersion": {
							"value": "@activity('Get Cluster Configuration db').output.firstRow.ClusterVersion",
							"type": "Expression"
						},
						"WorkerOptions": {
							"value": "@activity('Get Cluster Configuration db').output.firstRow.WorkerNode",
							"type": "Expression"
						},
						"ProjectCode": {
							"value": "@activity('Get Cluster Configuration db').output.firstRow.ProjectCode",
							"type": "Expression"
						}
					}
				}
			},
			{
				"name": "Conditional Validation_copy1",
				"type": "IfCondition",
				"dependsOn": [
					{
						"activity": "Update Activity Log",
						"dependencyConditions": [
							"Succeeded"
						]
					}
				],
				"userProperties": [],
				"typeProperties": {
					"expression": {
						"value": "@and(equals(activity('Master Notebook').output.runOutput.sourceCount, 0), equals(activity('Master Notebook').output.runOutput.controlFile, 'true'))",
						"type": "Expression"
					},
					"ifFalseActivities": [
						{
							"name": "DeleteFilesLanding",
							"type": "Delete",
							"dependsOn": [],
							"policy": {
								"timeout": "7.00:00:00",
								"retry": 0,
								"retryIntervalInSeconds": 30,
								"secureOutput": false,
								"secureInput": false
							},
							"userProperties": [],
							"typeProperties": {
								"dataset": {
									"referenceName": "DS_edmsbxsea_ablb_lr_Input",
									"type": "DatasetReference",
									"parameters": {
										"fileName": {
											"value": "@pipeline().parameters.filename",
											"type": "Expression"
										},
										"source": {
											"value": "@split(pipeline().parameters.filepath, '/')[2]",
											"type": "Expression"
										},
										"countryCode": {
											"value": "@split(pipeline().parameters.filepath, '/')[3]",
											"type": "Expression"
										}
									}
								},
								"enableLogging": false,
								"storeSettings": {
									"type": "AzureBlobStorageReadSettings",
									"recursive": true,
									"enablePartitionDiscovery": false
								}
							}
						}
					],
					"ifTrueActivities": [
						{
							"name": "Move Control Files to Raw",
							"type": "Copy",
							"dependsOn": [
								{
									"activity": "Insert Activity Log_X",
									"dependencyConditions": [
										"Succeeded"
									]
								}
							],
							"policy": {
								"timeout": "7.00:00:00",
								"retry": 0,
								"retryIntervalInSeconds": 30,
								"secureOutput": false,
								"secureInput": false
							},
							"userProperties": [],
							"typeProperties": {
								"source": {
									"type": "DelimitedTextSource",
									"storeSettings": {
										"type": "AzureBlobStorageReadSettings",
										"recursive": true,
										"enablePartitionDiscovery": false
									},
									"formatSettings": {
										"type": "DelimitedTextReadSettings"
									}
								},
								"sink": {
									"type": "DelimitedTextSink",
									"storeSettings": {
										"type": "AzureBlobFSWriteSettings"
									},
									"formatSettings": {
										"type": "DelimitedTextWriteSettings",
										"quoteAllText": true,
										"fileExtension": ".txt"
									}
								},
								"enableStaging": false,
								"translator": {
									"type": "TabularTranslator",
									"typeConversion": true,
									"typeConversionSettings": {
										"allowDataTruncation": true,
										"treatBooleanAsNumber": false
									}
								}
							},
							"inputs": [
								{
									"referenceName": "DS_edmsbxsea_ablb_lr_Input",
									"type": "DatasetReference",
									"parameters": {
										"fileName": {
											"value": "@pipeline().parameters.filename",
											"type": "Expression"
										},
										"source": {
											"value": "@split(pipeline().parameters.filepath, '/')[1]",
											"type": "Expression"
										},
										"countryCode": {
											"value": "@split(pipeline().parameters.filepath, '/')[2]",
											"type": "Expression"
										}
									}
								}
							],
							"outputs": [
								{
									"referenceName": "DS_edmbxsea_adls_control",
									"type": "DatasetReference",
									"parameters": {
										"Filename": {
											"value": "@pipeline().parameters.filename",
											"type": "Expression"
										},
										"Source": {
											"value": "@split(pipeline().parameters.filepath, '/')[0]",
											"type": "Expression"
										},
										"Country_Code": {
											"value": "@split(pipeline().parameters.filepath, '/')[1]",
											"type": "Expression"
										}
									}
								}
							]
						},
						{
							"name": "DeleteFiles",
							"type": "Delete",
							"dependsOn": [
								{
									"activity": "Update Activity log_x",
									"dependencyConditions": [
										"Succeeded"
									]
								}
							],
							"policy": {
								"timeout": "7.00:00:00",
								"retry": 0,
								"retryIntervalInSeconds": 30,
								"secureOutput": false,
								"secureInput": false
							},
							"userProperties": [],
							"typeProperties": {
								"dataset": {
									"referenceName": "DS_edmsbxsea_ablb_lr_Input",
									"type": "DatasetReference",
									"parameters": {
										"fileName": {
											"value": "@pipeline().parameters.filename",
											"type": "Expression"
										},
										"source": {
											"value": "@split(pipeline().parameters.filepath, '/')[1]",
											"type": "Expression"
										},
										"countryCode": {
											"value": "@split(pipeline().parameters.filepath, '/')[2]",
											"type": "Expression"
										}
									}
								},
								"enableLogging": false,
								"storeSettings": {
									"type": "AzureBlobStorageReadSettings",
									"recursive": true,
									"enablePartitionDiscovery": false
								}
							}
						},
						{
							"name": "Insert Activity Log_X",
							"type": "SqlServerStoredProcedure",
							"dependsOn": [],
							"policy": {
								"timeout": "7.00:00:00",
								"retry": 0,
								"retryIntervalInSeconds": 30,
								"secureOutput": false,
								"secureInput": false
							},
							"userProperties": [],
							"typeProperties": {
								"storedProcedureName": "[ETLlog].[uspInsertPipelineEtlActivityLog]",
								"storedProcedureParameters": {
									"SourceObjectID": {
										"value": null,
										"type": "Int64"
									},
									"PipelineLogID": {
										"value": {
											"value": "@activity('Pipeline Log Stored Procedure').output.value[0].PipelineLogID",
											"type": "Expression"
										},
										"type": "Int64"
									},
									"ActivityName": {
										"value": "Move Control Files To Raw",
										"type": "String"
									},
									"ActivityType": {
										"value": "Copy",
										"type": "String"
									}
								}
							},
							"linkedServiceName": {
								"referenceName": "LS_edmsbxsea_asql",
								"type": "LinkedServiceReference"
							}
						},
						{
							"name": "Update Activity log_x",
							"type": "SqlServerStoredProcedure",
							"dependsOn": [
								{
									"activity": "Move Control Files to Raw",
									"dependencyConditions": [
										"Succeeded"
									]
								}
							],
							"policy": {
								"timeout": "7.00:00:00",
								"retry": 0,
								"retryIntervalInSeconds": 30,
								"secureOutput": false,
								"secureInput": false
							},
							"userProperties": [],
							"typeProperties": {
								"storedProcedureName": "[ETLlog].[uspUpdatePipelineEtlActivityLog]",
								"storedProcedureParameters": {
									"ActivityStatus": {
										"value": "success",
										"type": "String"
									},
									"PipelineActivityLogID": {
										"value": {
											"value": "@activity('Insert Activity Log_X').output.firstRow.PipelineActivityLogID",
											"type": "Expression"
										},
										"type": "Int32"
									}
								}
							},
							"linkedServiceName": {
								"referenceName": "LS_edmsbxsea_asql",
								"type": "LinkedServiceReference"
							}
						},
						{
							"name": "Insert Activity Error log_x",
							"type": "SqlServerStoredProcedure",
							"dependsOn": [
								{
									"activity": "Move Control Files to Raw",
									"dependencyConditions": [
										"Failed"
									]
								}
							],
							"policy": {
								"timeout": "7.00:00:00",
								"retry": 0,
								"retryIntervalInSeconds": 30,
								"secureOutput": false,
								"secureInput": false
							},
							"userProperties": [],
							"typeProperties": {
								"storedProcedureName": "[ETLlog].[uspInsertPipelineActivityErrorLog]",
								"storedProcedureParameters": {
									"ErrorMessage": {
										"value": "Control File Movement Failed",
										"type": "String"
									},
									"IsLandingToRawProcessed": {
										"value": "False",
										"type": "Boolean"
									},
									"IsRawtoStandardisedProcessed": {
										"value": "False",
										"type": "Boolean"
									},
									"PipelineActivityLogID": {
										"value": {
											"value": "@activity('Insert Activity Log_X').output.firstRow.PipelineActivityLogID",
											"type": "Expression"
										},
										"type": "Int32"
									},
									"PipelineLogID": {
										"value": {
											"value": "@activity('Pipeline Log Stored Procedure').output.value[0].PipelineLogID",
											"type": "Expression"
										},
										"type": "Int32"
									},
									"SoucreFileProcessLogID": {
										"value": {
											"value": "@activity('Pipeline Log Stored Procedure').output.value[0].SourceFileProcessLogID",
											"type": "Expression"
										},
										"type": "Int32"
									}
								}
							},
							"linkedServiceName": {
								"referenceName": "LS_edmsbxsea_asql",
								"type": "LinkedServiceReference"
							}
						}
					]
				}
			},
			{
				"name": "Update Pipeline Log",
				"type": "SqlServerStoredProcedure",
				"dependsOn": [
					{
						"activity": "Conditional Validation_copy1",
						"dependencyConditions": [
							"Succeeded"
						]
					}
				],
				"policy": {
					"timeout": "7.00:00:00",
					"retry": 0,
					"retryIntervalInSeconds": 30,
					"secureOutput": false,
					"secureInput": false
				},
				"userProperties": [],
				"typeProperties": {
					"storedProcedureName": "[ETLlog].[uspUpdatePipelineLog]",
					"storedProcedureParameters": {
						"ErrorCount": {
							"value": null,
							"type": "Int64"
						},
						"IsLandingToRawProcessed": {
							"value": "1",
							"type": "Single"
						},
						"IsRawtoStandardisedProcessed": {
							"value": "0",
							"type": "Single"
						},
						"PipelineLogID": {
							"value": {
								"value": "@activity('Pipeline Log Stored Procedure').output.value[0].PipelineLogID",
								"type": "Expression"
							},
							"type": "Int32"
						},
						"PipelineStatus": {
							"value": "Succeeded",
							"type": "String"
						},
						"SourceCount": {
							"value": {
								"value": "@activity('Master Notebook').output.runOutput.sourceCount",
								"type": "Expression"
							},
							"type": "Int64"
						},
						"SourceFileProcessLogID": {
							"value": {
								"value": "@activity('Master Notebook').output.runOutput.SourceFileProcessLogID",
								"type": "Expression"
							},
							"type": "Int32"
						},
						"SourceId": {
							"value": {
								"value": "@activity('Master Notebook').output.runOutput.SourceID",
								"type": "Expression"
							},
							"type": "Int32"
						},
						"SourceObjectId": {
							"value": {
								"value": "@activity('Master Notebook').output.runOutput.SourceObjectID",
								"type": "Expression"
							},
							"type": "Int32"
						},
						"TargetCount": {
							"value": null,
							"type": "Int64"
						}
					}
				},
				"linkedServiceName": {
					"referenceName": "LS_edmsbxsea_asql",
					"type": "LinkedServiceReference"
				}
			},
			{
				"name": "Insert Activity Error log",
				"type": "SqlServerStoredProcedure",
				"dependsOn": [
					{
						"activity": "Master Notebook",
						"dependencyConditions": [
							"Failed"
						]
					}
				],
				"policy": {
					"timeout": "7.00:00:00",
					"retry": 0,
					"retryIntervalInSeconds": 30,
					"secureOutput": false,
					"secureInput": false
				},
				"userProperties": [],
				"typeProperties": {
					"storedProcedureName": "[ETLlog].[uspInsertPipelineActivityErrorLog]",
					"storedProcedureParameters": {
						"ErrorMessage": {
							"value": "Databricks activity error",
							"type": "String"
						},
						"IsLandingToRawProcessed": {
							"value": "False",
							"type": "Boolean"
						},
						"IsRawtoStandardisedProcessed": {
							"value": "False",
							"type": "Boolean"
						},
						"PipelineActivityLogID": {
							"value": {
								"value": "@activity('Insert Master Notebook Activity Log').output.firstRow.PipelineActivityLogID",
								"type": "Expression"
							},
							"type": "Int32"
						},
						"PipelineLogID": {
							"value": {
								"value": "@activity('Pipeline Log Stored Procedure').output.value[0].PipelineLogID",
								"type": "Expression"
							},
							"type": "Int32"
						},
						"SoucreFileProcessLogID": {
							"value": {
								"value": "@activity('Pipeline Log Stored Procedure').output.value[0].SourceFileProcessLogID",
								"type": "Expression"
							},
							"type": "Int32"
						}
					}
				},
				"linkedServiceName": {
					"referenceName": "LS_edmsbxsea_asql",
					"type": "LinkedServiceReference"
				}
			},
			{
				"name": "Update Activity Log",
				"type": "SqlServerStoredProcedure",
				"dependsOn": [
					{
						"activity": "Master Notebook",
						"dependencyConditions": [
							"Succeeded"
						]
					}
				],
				"policy": {
					"timeout": "7.00:00:00",
					"retry": 0,
					"retryIntervalInSeconds": 30,
					"secureOutput": false,
					"secureInput": false
				},
				"userProperties": [],
				"typeProperties": {
					"storedProcedureName": "[ETLlog].[uspUpdatePipelineEtlActivityLog]",
					"storedProcedureParameters": {
						"ActivityStatus": {
							"value": "Success",
							"type": "String"
						},
						"PipelineActivityLogID": {
							"value": {
								"value": "@activity('Insert Master Notebook Activity Log').output.firstRow.PipelineActivityLogID",
								"type": "Expression"
							},
							"type": "Int32"
						}
					}
				},
				"linkedServiceName": {
					"referenceName": "LS_edmsbxsea_asql",
					"type": "LinkedServiceReference"
				}
			}
		],
		"parameters": {
			"filename": {
				"type": "string"
			},
			"filepath": {
				"type": "string"
			}
		},
		"folder": {
			"name": "Batch Ingestion"
		},
		"annotations": []
	}
}