{
	"name": "Unzip",
	"properties": {
		"activities": [
			{
				"name": "Get Metadata1",
				"type": "GetMetadata",
				"dependsOn": [],
				"policy": {
					"timeout": "7.00:00:00",
					"retry": 0,
					"retryIntervalInSeconds": 30,
					"secureOutput": false,
					"secureInput": false
				},
				"userProperties": [],
				"typeProperties": {
					"dataset": {
						"referenceName": "Binary1",
						"type": "DatasetReference",
						"parameters": {
							"filename": "*.zip"
						}
					},
					"fieldList": [
						"childItems"
					],
					"storeSettings": {
						"type": "AzureBlobFSReadSettings",
						"enablePartitionDiscovery": false
					},
					"formatSettings": {
						"type": "BinaryReadSettings"
					}
				}
			},
			{
				"name": "ForEach1",
				"type": "ForEach",
				"dependsOn": [
					{
						"activity": "Get Metadata1",
						"dependencyConditions": [
							"Succeeded"
						]
					}
				],
				"userProperties": [],
				"typeProperties": {
					"items": {
						"value": "@activity('Get Metadata1').output.childItems",
						"type": "Expression"
					},
					"activities": [
						{
							"name": "Copy data1",
							"type": "Copy",
							"dependsOn": [],
							"policy": {
								"timeout": "7.00:00:00",
								"retry": 0,
								"retryIntervalInSeconds": 30,
								"secureOutput": false,
								"secureInput": false
							},
							"userProperties": [],
							"typeProperties": {
								"source": {
									"type": "BinarySource",
									"storeSettings": {
										"type": "AzureBlobFSReadSettings",
										"recursive": true
									},
									"formatSettings": {
										"type": "BinaryReadSettings",
										"compressionProperties": {
											"type": "ZipDeflateReadSettings",
											"preserveZipFileNameAsFolder": false
										}
									}
								},
								"sink": {
									"type": "BinarySink",
									"storeSettings": {
										"type": "AzureBlobFSWriteSettings",
										"copyBehavior": "FlattenHierarchy"
									}
								},
								"enableStaging": false
							},
							"inputs": [
								{
									"referenceName": "Binary2",
									"type": "DatasetReference",
									"parameters": {
										"filename": "item().name"
									}
								}
							],
							"outputs": [
								{
									"referenceName": "Binary3",
									"type": "DatasetReference"
								}
							]
						}
					]
				}
			}
		],
		"folder": {
			"name": "demo-security"
		},
		"annotations": []
	}
}