{
    "subscription_id": "#{SUBSCRIPTION_ID}#",
    "resource_group_name": "#{RESOURCE_GROUP_NAME}#",
    "tenant_id": "#{TENANT_ID}#",
    "spn_credentials":{
        "spn_id":"#{SPN_ID}#",
        "spn_key_url": "#{SPN_KEY_URL}#"
    },
    "db_connection_details":{
        "db_server_name": "#{SQL_SERVER_NAME}#",
        "db_name": "#{SQL_DB_NAME}#",
        "db_user_name_secret": "MetaDBUserName",
        "db_password_secret": "MetaDBPassword"
    },
    "adls_details":{
        "name": "#{ADLS_NAME}#",
        "raw_container_name":"raw",
        "standardized_container_name":"standardized",
        "transformed_container_name":"transformed",
        "adls_access_secret": "AdlsAccessKey"
    },
    "app_insights":{
        "instr_key_secret": "AppInsightsInstrKey"
    },
    "blob_details":{
        "name": "#{STORAGE_ACCOUNT_NAME}#",
        "incoming_container_name": "incoming",
        "archival_container_name": "incoming",
        "blob_access_secret": "BlobAccessKey",
        "blob_conn_str_secret": "BlobConnStr" 
    },
    "keyvault":{
        "name": "#{KV_NAME}#"
    },
    "synapse_details":{
        "server_name": "#{SYNAPSE_SERVER_NAME}#",
        "db_name": "#{SYNAPSE_DB_NAME}#",
        "synapse_user_name_secret": "SynapseUserName",
        "synapse_password_secret": "SynapsePassword"
    }
}