{
	"name": "PL_EDM_BatchIngestion_LandingtoRaw",
	"properties": {
		"description": "This pipeline is used to process incoming data files from landing to raw layer after processing the param & config file and performing schema evolution if required.",
		"activities": [
			{
				"name": "Pipeline Log Stored Procedure",
				"description": "This activity is used to log pipeline level log into ETLLog.PipelineLog table",
				"type": "Lookup",
				"dependsOn": [],
				"policy": {
					"timeout": "7.00:00:00",
					"retry": 0,
					"retryIntervalInSeconds": 30,
					"secureOutput": false,
					"secureInput": false
				},
				"userProperties": [],
				"typeProperties": {
					"source": {
						"type": "AzureSqlSource",
						"sqlReaderStoredProcedureName": "[ETLlog].[uspInsertPipelineLog]",
						"storedProcedureParameters": {
							"ParentPipelineLogID": {
								"value": null
							},
							"SourceObjectID": {
								"value": null
							},
							"PipelineRunID": {
								"value": {
									"value": "@pipeline().RunId",
									"type": "Expression"
								}
							},
							"LoadType": {
								"value": "LandingToRaw"
							},
							"ObjectLoadStartDateTime": {
								"value": {
									"value": "@formatDateTime(utcnow(), 'dd-MMM-yyyy HH:mm:ss')",
									"type": "Expression"
								}
							},
							"FileName": {
								"value": {
									"value": "@pipeline().parameters.filename",
									"type": "Expression"
								}
							},
							"PipeLineName": {
								"value": {
									"value": "@pipeline().Pipeline",
									"type": "Expression"
								}
							}
						},
						"queryTimeout": "02:00:00",
						"partitionOption": "None"
					},
					"dataset": {
						"referenceName": "DS_edmsbxsea_asql",
						"type": "DatasetReference"
					},
					"firstRowOnly": false
				}
			},
			{
				"name": "Get Cluster Configuration db",
				"description": "This activity is used to get cluster configuration from SQL metastore (Metadata.ClusterConfig, Metadata.PoolConfig, ETLLog.PoolConfigurationLog)",
				"type": "Lookup",
				"dependsOn": [
					{
						"activity": "Look Up Control File",
						"dependencyConditions": [
							"Succeeded"
						]
					}
				],
				"policy": {
					"timeout": "7.00:00:00",
					"retry": 0,
					"retryIntervalInSeconds": 30,
					"secureOutput": false,
					"secureInput": false
				},
				"userProperties": [],
				"typeProperties": {
					"source": {
						"type": "AzureSqlSource",
						"sqlReaderStoredProcedureName": "[ETLlog].[uspGetProcessConfiguration]",
						"storedProcedureParameters": {
							"FileName": {
								"type": "String",
								"value": {
									"value": "@pipeline().parameters.filename",
									"type": "Expression"
								}
							},
							"SourceID": {
								"type": "Int32",
								"value": null
							},
							"SourceObjectId": {
								"type": "Int32",
								"value": null
							},
							"Type": {
								"type": "String",
								"value": "LandingToRaw"
							}
						},
						"queryTimeout": "02:00:00",
						"partitionOption": "None"
					},
					"dataset": {
						"referenceName": "DS_edmsbxsea_asql",
						"type": "DatasetReference"
					},
					"firstRowOnly": true
				}
			},
			{
				"name": "Master Notebook",
				"description": "This activity calls Databricks notebook (batch_ingestion_landing_to_raw) for processing data from landing to raw zone.",
				"type": "DatabricksNotebook",
				"dependsOn": [
					{
						"activity": "Get SPN Password",
						"dependencyConditions": [
							"Succeeded"
						]
					}
				],
				"policy": {
					"timeout": "7.00:00:00",
					"retry": 0,
					"retryIntervalInSeconds": 30,
					"secureOutput": false,
					"secureInput": false
				},
				"userProperties": [],
				"typeProperties": {
					"notebookPath": "/Shared/FinalNotebooks/batch_ingestion_landing_to_raw",
					"baseParameters": {
						"source_file_metadata": {
							"value": "@string(activity('Look Up Control File').output.value)",
							"type": "Expression"
						},
						"adls_account_name": {
							"value": "@variables('adls_account_name')",
							"type": "Expression"
						},
						"config_path": {
							"value": "@pipeline().parameters.ConfigFileName",
							"type": "Expression"
						},
						"kv_name": {
							"value": "@variables('kv_name')",
							"type": "Expression"
						},
						"spn_id": {
							"value": "@variables('spn_id')",
							"type": "Expression"
						},
						"tenant_id": {
							"value": "@variables('tenant_id')",
							"type": "Expression"
						},
						"spn_password": {
							"value": "@variables('spn_password')",
							"type": "Expression"
						}
					},
					"libraries": [
						{
							"maven": {
								"coordinates": "com.databricks:spark-xml_2.12:0.12.0"
							}
						},
						{
							"maven": {
								"coordinates": "com.ibm.informix:odbc:4.10.10"
							}
						},
						{
							"pypi": {
								"package": "pyodbc"
							}
						},
						{
							"maven": {
								"coordinates": "com.github.gslowikowski:spark-xml-extensions:1.0.0"
							}
						},
						{
							"maven": {
								"coordinates": "com.microsoft.azure:spark-mssql-connector:1.0.1"
							}
						},
						{
							"maven": {
								"coordinates": "com.microsoft.azure:spark-mssql-connector_2.12_3.0:1.0.0-alpha"
							}
						},
						{
							"maven": {
								"coordinates": "com.microsoft.azure:azure-eventhubs-spark_2.12:2.3.18"
							}
						},
						{
							"whl": "dbfs:/edm-_Build.BuildNumber_-py3-none-any.whl"
						},
						{
							"jar": "dbfs:/pepsparkDBR_3.0.1_7.2.0.17.RC_pty.jar"
						},
						{
							"jar": "dbfs:/pephiveDBR_2.3.7_7.2.0.17.RC_pty.jar"
						},
						{
							"pypi": {
								"package": "azure-identity==1.2.0"
							}
						},
						{
							"pypi": {
								"package": "azure-keyvault==1.1.0"
							}
						},
						{
							"pypi": {
								"package": "azure-keyvault-secrets==4.0.1"
							}
						},
						{
							"pypi": {
								"package": "dotted"
							}
						},
						{
							"pypi": {
								"package": "opencensus-ext-azure==1.0.2"
							}
						},
						{
							"pypi": {
								"package": "xmltodict==0.12.0"
							}
						}
					]
				},
				"linkedServiceName": {
					"referenceName": "LS_EDMP_Adbk_BatchIngestion_ExistingInstancePool",
					"type": "LinkedServiceReference",
					"parameters": {
						"InstancePoolId": {
							"value": "@activity('Get Cluster Configuration db').output.firstRow.InstancePoolId",
							"type": "Expression"
						},
						"ClusterVersion": {
							"value": "@activity('Get Cluster Configuration db').output.firstRow.ClusterVersion",
							"type": "Expression"
						},
						"WorkerOptions": {
							"value": "@activity('Get Cluster Configuration db').output.firstRow.WorkerNode",
							"type": "Expression"
						},
						"ProjectCode": {
							"value": "@activity('Get Cluster Configuration db').output.firstRow.ProjectCode",
							"type": "Expression"
						},
						"SpnPassword": {
							"value": "@activity('Get SPN Password').output.value",
							"type": "Expression"
						}
					}
				}
			},
			{
				"name": "Insert Activity Error log",
				"description": "This activity is used to update logs for Databricks activity in SQL DB (ETLLog.PipelineETLActivityLog) in case of failure",
				"type": "SqlServerStoredProcedure",
				"dependsOn": [
					{
						"activity": "Master Notebook",
						"dependencyConditions": [
							"Failed"
						]
					}
				],
				"policy": {
					"timeout": "7.00:00:00",
					"retry": 0,
					"retryIntervalInSeconds": 30,
					"secureOutput": false,
					"secureInput": false
				},
				"userProperties": [],
				"typeProperties": {
					"storedProcedureName": "[ETLlog].[uspInsertPipelineActivityErrorLog]",
					"storedProcedureParameters": {
						"Details": {
							"value": "False",
							"type": "Boolean"
						},
						"ErrorMessage": {
							"value": "Landing To Raw Failed",
							"type": "String"
						},
						"IsLandingToRawProcessed": {
							"value": null,
							"type": "Boolean"
						},
						"IsRawtoStandardisedProcessed": {
							"value": null,
							"type": "Boolean"
						},
						"PipelineActivityLogID": {
							"value": {
								"value": "@activity('Insert Master Notebook Activity Log').output.firstRow.PipelineActivityLogID",
								"type": "Expression"
							},
							"type": "Int32"
						},
						"PipelineLogID": {
							"value": null,
							"type": "Int32"
						},
						"SoucreFileProcessLogID": {
							"value": null,
							"type": "Int32"
						}
					}
				},
				"linkedServiceName": {
					"referenceName": "LS_edmsbxsea_asql",
					"type": "LinkedServiceReference"
				}
			},
			{
				"name": "Update Activity Log",
				"description": "This activity is used to update logs for Databricks activity in SQL DB (ETLLog.PipelineETLActivityLog) for success",
				"type": "SqlServerStoredProcedure",
				"dependsOn": [
					{
						"activity": "Master Notebook",
						"dependencyConditions": [
							"Succeeded"
						]
					}
				],
				"policy": {
					"timeout": "7.00:00:00",
					"retry": 0,
					"retryIntervalInSeconds": 30,
					"secureOutput": false,
					"secureInput": false
				},
				"userProperties": [],
				"typeProperties": {
					"storedProcedureName": "[ETLlog].[uspUpdatePipelineEtlActivityLog]",
					"storedProcedureParameters": {
						"ActivityStatus": {
							"value": "Success",
							"type": "String"
						},
						"PipelineActivityLogID": {
							"value": {
								"value": "@activity('Insert Master Notebook Activity Log').output.firstRow.PipelineActivityLogID",
								"type": "Expression"
							},
							"type": "Int32"
						}
					}
				},
				"linkedServiceName": {
					"referenceName": "LS_edmsbxsea_asql",
					"type": "LinkedServiceReference"
				}
			},
			{
				"name": "Lookup Config File",
				"description": "This activity is used to look up config file to get environment specific details",
				"type": "Lookup",
				"dependsOn": [
					{
						"activity": "Get Cluster Configuration db",
						"dependencyConditions": [
							"Succeeded"
						]
					}
				],
				"policy": {
					"timeout": "7.00:00:00",
					"retry": 0,
					"retryIntervalInSeconds": 30,
					"secureOutput": false,
					"secureInput": false
				},
				"userProperties": [],
				"typeProperties": {
					"source": {
						"type": "JsonSource",
						"storeSettings": {
							"type": "AzureBlobFSReadSettings",
							"recursive": true,
							"enablePartitionDiscovery": false
						},
						"formatSettings": {
							"type": "JsonReadSettings"
						}
					},
					"dataset": {
						"referenceName": "DS_EDMP_Adls_EnvConfig",
						"type": "DatasetReference",
						"parameters": {
							"FileSystem": {
								"value": "@pipeline().parameters.ConfigFileSystem",
								"type": "Expression"
							},
							"ConfigFileName": {
								"value": "@pipeline().parameters.ConfigFileName",
								"type": "Expression"
							}
						}
					},
					"firstRowOnly": false
				}
			},
			{
				"name": "Set SPN ID",
				"description": "This activity is used to set SPN ID received from config file",
				"type": "SetVariable",
				"dependsOn": [
					{
						"activity": "Lookup Config File",
						"dependencyConditions": [
							"Succeeded"
						]
					}
				],
				"userProperties": [],
				"typeProperties": {
					"variableName": "spn_id",
					"value": {
						"value": "@activity('Lookup Config File').output.value[0]['spn_credentials']['spn_id']",
						"type": "Expression"
					}
				}
			},
			{
				"name": "Set Tenant ID",
				"description": "This activity is used to set Tenant ID received from config file",
				"type": "SetVariable",
				"dependsOn": [
					{
						"activity": "Lookup Config File",
						"dependencyConditions": [
							"Succeeded"
						]
					}
				],
				"userProperties": [],
				"typeProperties": {
					"variableName": "tenant_id",
					"value": {
						"value": "@activity('Lookup Config File').output.value[0]['tenant_id']",
						"type": "Expression"
					}
				}
			},
			{
				"name": "Set Keyvault name",
				"description": "This activity is used to set Key vault name received from config file",
				"type": "SetVariable",
				"dependsOn": [
					{
						"activity": "Lookup Config File",
						"dependencyConditions": [
							"Succeeded"
						]
					}
				],
				"userProperties": [],
				"typeProperties": {
					"variableName": "kv_name",
					"value": {
						"value": "@activity('Lookup Config File').output.value[0]['keyvault']['name']",
						"type": "Expression"
					}
				}
			},
			{
				"name": "Set ADLS Account Name",
				"description": "This activity is used to set ADLS account name received from config file",
				"type": "SetVariable",
				"dependsOn": [
					{
						"activity": "Lookup Config File",
						"dependencyConditions": [
							"Succeeded"
						]
					}
				],
				"userProperties": [],
				"typeProperties": {
					"variableName": "adls_account_name",
					"value": {
						"value": "@activity('Lookup Config File').output.value[0]['adls_details']['name']",
						"type": "Expression"
					}
				}
			},
			{
				"name": "Look Up Control File",
				"description": "This activity is used to look up control file from intermediate zone which is generated from GenerateControlFile pipeline.",
				"type": "Lookup",
				"dependsOn": [
					{
						"activity": "Pipeline Log Stored Procedure",
						"dependencyConditions": [
							"Succeeded"
						]
					}
				],
				"policy": {
					"timeout": "7.00:00:00",
					"retry": 0,
					"retryIntervalInSeconds": 30,
					"secureOutput": false,
					"secureInput": false
				},
				"userProperties": [],
				"typeProperties": {
					"source": {
						"type": "DelimitedTextSource",
						"storeSettings": {
							"type": "AzureBlobStorageReadSettings",
							"recursive": true,
							"enablePartitionDiscovery": false
						},
						"formatSettings": {
							"type": "DelimitedTextReadSettings"
						}
					},
					"dataset": {
						"referenceName": "DS_edmsbxsea_ablb_intermediate",
						"type": "DatasetReference",
						"parameters": {
							"FolderName": {
								"value": "@split(pipeline().parameters.filepath, '/')[1]",
								"type": "Expression"
							},
							"FileName": {
								"value": "@pipeline().parameters.filename",
								"type": "Expression"
							}
						}
					},
					"firstRowOnly": false
				}
			},
			{
				"name": "Insert Master Notebook Activity Log",
				"description": "This activity is used to Insert log for databricks activity in ETLLog.PIpelineETLActivityLog table",
				"type": "Lookup",
				"dependsOn": [
					{
						"activity": "Set SPN ID",
						"dependencyConditions": [
							"Succeeded"
						]
					},
					{
						"activity": "Set Tenant ID",
						"dependencyConditions": [
							"Succeeded"
						]
					},
					{
						"activity": "Set Keyvault name",
						"dependencyConditions": [
							"Succeeded"
						]
					},
					{
						"activity": "Set ADLS Account Name",
						"dependencyConditions": [
							"Succeeded"
						]
					}
				],
				"policy": {
					"timeout": "7.00:00:00",
					"retry": 0,
					"retryIntervalInSeconds": 30,
					"secureOutput": false,
					"secureInput": false
				},
				"userProperties": [],
				"typeProperties": {
					"source": {
						"type": "AzureSqlSource",
						"sqlReaderStoredProcedureName": "[ETLlog].[uspInsertPipelineEtlActivityLog]",
						"storedProcedureParameters": {
							"ActivityName": {
								"type": "String",
								"value": "Master Notebook"
							},
							"ActivityType": {
								"type": "String",
								"value": "Databricks"
							},
							"PipelineLogID": {
								"type": "Int32",
								"value": {
									"value": "@activity('Pipeline Log Stored Procedure').output.value[0].PipelineLogID",
									"type": "Expression"
								}
							},
							"SourceObjectID": {
								"type": "Int32",
								"value": null
							}
						},
						"queryTimeout": "02:00:00",
						"partitionOption": "None"
					},
					"dataset": {
						"referenceName": "DS_edmsbxsea_asql",
						"type": "DatasetReference"
					}
				}
			},
			{
				"name": "Update Pipeline Log",
				"description": "This activity updates pipeline log in ETLLog.PipelineLog table on successful completion of the pipeline",
				"type": "SqlServerStoredProcedure",
				"dependsOn": [
					{
						"activity": "Update Activity Log",
						"dependencyConditions": [
							"Succeeded"
						]
					}
				],
				"policy": {
					"timeout": "7.00:00:00",
					"retry": 0,
					"retryIntervalInSeconds": 30,
					"secureOutput": false,
					"secureInput": false
				},
				"userProperties": [],
				"typeProperties": {
					"storedProcedureName": "[ETLlog].[uspUpdatePipelineLog]",
					"storedProcedureParameters": {
						"Details": {
							"value": "False",
							"type": "Boolean"
						},
						"ErrorCount": {
							"value": null,
							"type": "Int64"
						},
						"IsCDCFile": {
							"value": null,
							"type": "Boolean"
						},
						"IsLandingToRawProcessed": {
							"value": null,
							"type": "Boolean"
						},
						"IsRawtoStandardisedProcessed": {
							"value": null,
							"type": "Boolean"
						},
						"PipelineLogID": {
							"value": {
								"value": "@activity('Pipeline Log Stored Procedure').output.value[0].PipelineLogID",
								"type": "Expression"
							},
							"type": "Int32"
						},
						"PipelineStatus": {
							"value": "Success",
							"type": "String"
						},
						"RawFileStatus": {
							"value": null,
							"type": "String"
						},
						"RawPath": {
							"value": null,
							"type": "String"
						},
						"SourceCount": {
							"value": null,
							"type": "Int64"
						},
						"SourceFileProcessLogID": {
							"value": null,
							"type": "Int32"
						},
						"SourceFileStatus": {
							"value": null,
							"type": "String"
						},
						"SourceId": {
							"value": null,
							"type": "Int32"
						},
						"SourceObjectId": {
							"value": null,
							"type": "Int32"
						},
						"TargetCount": {
							"value": null,
							"type": "Int64"
						}
					}
				},
				"linkedServiceName": {
					"referenceName": "LS_edmsbxsea_asql",
					"type": "LinkedServiceReference"
				}
			},
			{
				"name": "Update Pipeline Error Log",
				"description": "This activity updates pipeline log in ETLLog.PipelineLog table on failure of the pipeline",
				"type": "SqlServerStoredProcedure",
				"dependsOn": [
					{
						"activity": "Insert Activity Error log",
						"dependencyConditions": [
							"Succeeded"
						]
					}
				],
				"policy": {
					"timeout": "7.00:00:00",
					"retry": 0,
					"retryIntervalInSeconds": 30,
					"secureOutput": false,
					"secureInput": false
				},
				"userProperties": [],
				"typeProperties": {
					"storedProcedureName": "[ETLlog].[uspUpdatePipelineLog]",
					"storedProcedureParameters": {
						"Details": {
							"value": "False",
							"type": "Boolean"
						},
						"ErrorCount": {
							"value": null,
							"type": "Int64"
						},
						"IsCDCFile": {
							"value": null,
							"type": "Boolean"
						},
						"IsLandingToRawProcessed": {
							"value": null,
							"type": "Boolean"
						},
						"IsRawtoStandardisedProcessed": {
							"value": null,
							"type": "Boolean"
						},
						"PipelineLogID": {
							"value": {
								"value": "@activity('Pipeline Log Stored Procedure').output.value[0].PipelineLogID",
								"type": "Expression"
							},
							"type": "Int32"
						},
						"PipelineStatus": {
							"value": "Failed",
							"type": "String"
						},
						"RawFileStatus": {
							"value": null,
							"type": "String"
						},
						"RawPath": {
							"value": null,
							"type": "String"
						},
						"SourceCount": {
							"value": null,
							"type": "Int64"
						},
						"SourceFileProcessLogID": {
							"value": null,
							"type": "Int32"
						},
						"SourceFileStatus": {
							"value": null,
							"type": "String"
						},
						"SourceId": {
							"value": null,
							"type": "Int32"
						},
						"SourceObjectId": {
							"value": null,
							"type": "Int32"
						},
						"TargetCount": {
							"value": null,
							"type": "Int64"
						}
					}
				},
				"linkedServiceName": {
					"referenceName": "LS_edmsbxsea_asql",
					"type": "LinkedServiceReference"
				}
			},
			{
				"name": "Get SPN Password",
				"description": "This activity is used to get SPN password from key vault which is used to set the environmental variable in Databricks cluster",
				"type": "WebActivity",
				"dependsOn": [
					{
						"activity": "Insert Master Notebook Activity Log",
						"dependencyConditions": [
							"Succeeded"
						]
					}
				],
				"policy": {
					"timeout": "7.00:00:00",
					"retry": 0,
					"retryIntervalInSeconds": 30,
					"secureOutput": false,
					"secureInput": false
				},
				"userProperties": [],
				"typeProperties": {
					"url": {
						"value": "@concat(activity('Lookup Config File').output.value[0]['spn_credentials']['spn_key_url'],'?api-version=7.0')",
						"type": "Expression"
					},
					"method": "GET",
					"authentication": {
						"type": "MSI",
						"resource": "https://vault.azure.net"
					}
				}
			}
		],
		"parameters": {
			"filename": {
				"type": "string",
				"defaultValue": "hog_input_20210728T082017.csv"
			},
			"filepath": {
				"type": "string",
				"defaultValue": "intermediate/hog"
			},
			"ConfigFileName": {
				"type": "string",
				"defaultValue": "scb_env_config.json"
			},
			"ConfigFileSystem": {
				"type": "string",
				"defaultValue": "raw"
			},
			"FrequencyDurationUnit": {
				"type": "string",
				"defaultValue": "Day"
			}
		},
		"variables": {
			"spn_id": {
				"type": "String"
			},
			"tenant_id": {
				"type": "String"
			},
			"kv_name": {
				"type": "String"
			},
			"adls_account_name": {
				"type": "String"
			},
			"spn_password": {
				"type": "String"
			}
		},
		"folder": {
			"name": "Batch Ingestion"
		},
		"annotations": []
	}
}