{
	"name": "PL_EDM_ArchiveETLLogs",
	"properties": {
		"description": "This pipeline is used to archive ETLLog tables based on retention period. This pipeline is scheduled to run on 1st day of every month.",
		"activities": [
			{
				"name": "Pipeline Log Stored Procedure",
				"description": "This activity is used to log pipeline level log into ETLLog.PipelineLog table",
				"type": "Lookup",
				"dependsOn": [],
				"policy": {
					"timeout": "7.00:00:00",
					"retry": 0,
					"retryIntervalInSeconds": 30,
					"secureOutput": false,
					"secureInput": false
				},
				"userProperties": [],
				"typeProperties": {
					"source": {
						"type": "AzureSqlSource",
						"sqlReaderStoredProcedureName": "[ETLlog].[uspInsertPipelineLog]",
						"storedProcedureParameters": {
							"ParentPipelineLogID": {
								"value": null
							},
							"SourceObjectID": {
								"value": null
							},
							"PipelineRunID": {
								"value": {
									"value": "@pipeline().RunId",
									"type": "Expression"
								}
							},
							"LoadType": {
								"value": "Archive ETL Logs"
							},
							"ObjectLoadStartDateTime": {
								"value": {
									"value": "@formatDateTime(utcnow(), 'dd-MMM-yyyy HH:mm:ss')",
									"type": "Expression"
								}
							},
							"FileName": {
								"value": null
							},
							"PipeLineName": {
								"value": {
									"value": "@pipeline().Pipeline",
									"type": "Expression"
								}
							}
						},
						"queryTimeout": "02:00:00",
						"partitionOption": "None"
					},
					"dataset": {
						"referenceName": "DS_edmsbxsea_asql",
						"type": "DatasetReference"
					},
					"firstRowOnly": false
				}
			},
			{
				"name": "Update Pipeline Log",
				"description": "This activity updates pipeline log in ETLLog.PipelineLog table on successful completion of the pipeline",
				"type": "SqlServerStoredProcedure",
				"dependsOn": [
					{
						"activity": "Archive ETL Logs",
						"dependencyConditions": [
							"Succeeded"
						]
					}
				],
				"policy": {
					"timeout": "7.00:00:00",
					"retry": 0,
					"retryIntervalInSeconds": 30,
					"secureOutput": false,
					"secureInput": false
				},
				"userProperties": [],
				"typeProperties": {
					"storedProcedureName": "[ETLlog].[uspUpdatePipelineLog]",
					"storedProcedureParameters": {
						"PipelineLogID": {
							"value": {
								"value": "@activity('Pipeline Log Stored Procedure').output.value[0].PipelineLogID",
								"type": "Expression"
							},
							"type": "Int64"
						},
						"SourceFileProcessLogID": {
							"value": null,
							"type": "Int64"
						},
						"SourceCount": {
							"value": null,
							"type": "Int64"
						},
						"TargetCount": {
							"value": null,
							"type": "Int64"
						},
						"ErrorCount": {
							"value": null,
							"type": "Int64"
						},
						"IsLandingToRawProcessed": {
							"value": null,
							"type": "Single"
						},
						"IsRawtoStandardisedProcessed": {
							"value": null,
							"type": "Single"
						},
						"PipelineStatus": {
							"value": "Succeeded",
							"type": "String"
						},
						"SourceObjectId": {
							"value": null,
							"type": "Int64"
						},
						"SourceId": {
							"value": null,
							"type": "Int64"
						}
					}
				},
				"linkedServiceName": {
					"referenceName": "LS_edmsbxsea_asql",
					"type": "LinkedServiceReference"
				}
			},
			{
				"name": "Archive ETL Logs",
				"description": "This activity calls stored procedure [ETLlog].[uspArchiveETLLogs] which deletes log from all ETLlog tables based on retention period",
				"type": "SqlServerStoredProcedure",
				"dependsOn": [
					{
						"activity": "Pipeline Log Stored Procedure",
						"dependencyConditions": [
							"Succeeded"
						]
					}
				],
				"policy": {
					"timeout": "7.00:00:00",
					"retry": 0,
					"retryIntervalInSeconds": 30,
					"secureOutput": false,
					"secureInput": false
				},
				"userProperties": [],
				"typeProperties": {
					"storedProcedureName": "[ETLlog].[uspArchiveETLLogs]",
					"storedProcedureParameters": {
						"RetentionPeriod": {
							"value": {
								"value": "@pipeline().parameters.RetentionPeriod",
								"type": "Expression"
							},
							"type": "Int32"
						}
					}
				},
				"linkedServiceName": {
					"referenceName": "LS_edmsbxsea_asql",
					"type": "LinkedServiceReference"
				}
			},
			{
				"name": "Update Pipeline Error Log",
				"description": "This activity updates pipeline log in ETLLog.PipelineLog table on failure of the pipeline",
				"type": "SqlServerStoredProcedure",
				"dependsOn": [
					{
						"activity": "Archive ETL Logs",
						"dependencyConditions": [
							"Failed"
						]
					}
				],
				"policy": {
					"timeout": "7.00:00:00",
					"retry": 0,
					"retryIntervalInSeconds": 30,
					"secureOutput": false,
					"secureInput": false
				},
				"userProperties": [],
				"typeProperties": {
					"storedProcedureName": "[ETLlog].[uspUpdatePipelineLog]",
					"storedProcedureParameters": {
						"Details": {
							"value": "False",
							"type": "Boolean"
						},
						"ErrorCount": {
							"value": null,
							"type": "Int64"
						},
						"IsCDCFile": {
							"value": null,
							"type": "Boolean"
						},
						"IsLandingToRawProcessed": {
							"value": null,
							"type": "Boolean"
						},
						"IsRawtoStandardisedProcessed": {
							"value": null,
							"type": "Boolean"
						},
						"PipelineLogID": {
							"value": {
								"value": "@activity('Pipeline Log Stored Procedure').output.value[0].PipelineLogID",
								"type": "Expression"
							},
							"type": "Int32"
						},
						"PipelineStatus": {
							"value": "Failed",
							"type": "String"
						},
						"RawFileStatus": {
							"value": null,
							"type": "String"
						},
						"RawPath": {
							"value": null,
							"type": "String"
						},
						"SourceCount": {
							"value": null,
							"type": "Int64"
						},
						"SourceFileProcessLogID": {
							"value": null,
							"type": "Int32"
						},
						"SourceFileStatus": {
							"value": null,
							"type": "String"
						},
						"SourceId": {
							"value": null,
							"type": "Int32"
						},
						"SourceObjectId": {
							"value": null,
							"type": "Int32"
						},
						"TargetCount": {
							"value": null,
							"type": "Int64"
						}
					}
				},
				"linkedServiceName": {
					"referenceName": "LS_edmsbxsea_asql",
					"type": "LinkedServiceReference"
				}
			}
		],
		"parameters": {
			"RetentionPeriod": {
				"type": "int",
				"defaultValue": 60
			}
		},
		"variables": {
			"DatabricksKey": {
				"type": "String"
			}
		},
		"annotations": []
	}
}