{
	"name": "PL_EDM_BatchIngestion_NewJobPoolCreation",
	"properties": {
		"description": "This pipeline is used to create new instance job pools in Databricks based on the defined configuration in SQL DB",
		"activities": [
			{
				"name": "ForEachPool",
				"description": "This activity is used to iterate over list of job pools received from lookup activity",
				"type": "ForEach",
				"dependsOn": [
					{
						"activity": "Soft Delete Current Pools",
						"dependencyConditions": [
							"Succeeded"
						]
					}
				],
				"userProperties": [],
				"typeProperties": {
					"items": {
						"value": "@activity('Get Pools To Be Created').output.value",
						"type": "Expression"
					},
					"activities": [
						{
							"name": "Create Job Pools",
							"description": "This web activity is used to invoke the Databricks create job pool Web API to create new job pool instance",
							"type": "WebActivity",
							"dependsOn": [],
							"policy": {
								"timeout": "7.00:00:00",
								"retry": 0,
								"retryIntervalInSeconds": 30,
								"secureOutput": false,
								"secureInput": false
							},
							"userProperties": [],
							"typeProperties": {
								"url": {
									"value": "@pipeline().parameters.DatabricksWorkspaceUrl",
									"type": "Expression"
								},
								"method": "POST",
								"headers": {
									"Authorization": {
										"value": "@variables('DatabricksKey')",
										"type": "Expression"
									}
								},
								"body": {
									"value": "@json(item().ConfigurationBody)",
									"type": "Expression"
								}
							}
						},
						{
							"name": "InsertPoolConfigurationLog",
							"description": "This activity is used to insert job pool information in ETLlog.PoolConfigurationLog table.",
							"type": "SqlServerStoredProcedure",
							"dependsOn": [
								{
									"activity": "Create Job Pools",
									"dependencyConditions": [
										"Succeeded"
									]
								}
							],
							"policy": {
								"timeout": "7.00:00:00",
								"retry": 0,
								"retryIntervalInSeconds": 30,
								"secureOutput": false,
								"secureInput": false
							},
							"userProperties": [],
							"typeProperties": {
								"storedProcedureName": "[ETLlog].[uspUpdatePoolConfigurationLog]",
								"storedProcedureParameters": {
									"PoolConfigurationID": {
										"value": {
											"value": "@item().PoolConfigurationID",
											"type": "Expression"
										},
										"type": "Int64"
									},
									"InstancePoolId": {
										"value": {
											"value": "@activity('Create Job Pools').output.instance_pool_id",
											"type": "Expression"
										},
										"type": "String"
									},
									"Mode": {
										"value": "insert",
										"type": "String"
									}
								}
							},
							"linkedServiceName": {
								"referenceName": "LS_edmsbxsea_asql",
								"type": "LinkedServiceReference"
							}
						}
					]
				}
			},
			{
				"name": "Get Pools To Be Created",
				"description": "This activity calls procedure [Metadata].[uspGetPoolConfig] to look up the pool configuration from the SQL DB",
				"type": "Lookup",
				"dependsOn": [
					{
						"activity": "Pipeline Log Stored Procedure",
						"dependencyConditions": [
							"Succeeded"
						]
					}
				],
				"policy": {
					"timeout": "7.00:00:00",
					"retry": 0,
					"retryIntervalInSeconds": 30,
					"secureOutput": false,
					"secureInput": false
				},
				"userProperties": [],
				"typeProperties": {
					"source": {
						"type": "AzureSqlSource",
						"sqlReaderStoredProcedureName": "[Metadata].[uspGetPoolConfig]",
						"queryTimeout": "00:10:00",
						"partitionOption": "None"
					},
					"dataset": {
						"referenceName": "DS_edmsbxsea_asql",
						"type": "DatasetReference"
					},
					"firstRowOnly": false
				}
			},
			{
				"name": "Pipeline Log Stored Procedure",
				"description": "This activity is used to log pipeline level log into ETLLog.PipelineLog table",
				"type": "Lookup",
				"dependsOn": [],
				"policy": {
					"timeout": "7.00:00:00",
					"retry": 0,
					"retryIntervalInSeconds": 30,
					"secureOutput": false,
					"secureInput": false
				},
				"userProperties": [],
				"typeProperties": {
					"source": {
						"type": "AzureSqlSource",
						"sqlReaderStoredProcedureName": "[ETLlog].[uspInsertPipelineLog]",
						"storedProcedureParameters": {
							"ParentPipelineLogID": {
								"value": null
							},
							"SourceObjectID": {
								"value": null
							},
							"PipelineRunID": {
								"value": {
									"value": "@pipeline().RunId",
									"type": "Expression"
								}
							},
							"LoadType": {
								"value": "Job Pool Creation "
							},
							"ObjectLoadStartDateTime": {
								"value": {
									"value": "@formatDateTime(utcnow(), 'dd-MMM-yyyy HH:mm:ss')",
									"type": "Expression"
								}
							},
							"FileName": {
								"value": null
							},
							"PipeLineName": {
								"value": {
									"value": "@pipeline().Pipeline",
									"type": "Expression"
								}
							}
						},
						"queryTimeout": "02:00:00",
						"partitionOption": "None"
					},
					"dataset": {
						"referenceName": "DS_edmsbxsea_asql",
						"type": "DatasetReference"
					},
					"firstRowOnly": false
				}
			},
			{
				"name": "Update Pipeline Log",
				"description": "This activity updates pipeline log in ETLLog.PipelineLog table on successful completion of the pipeline",
				"type": "SqlServerStoredProcedure",
				"dependsOn": [
					{
						"activity": "ForEachPool",
						"dependencyConditions": [
							"Succeeded"
						]
					}
				],
				"policy": {
					"timeout": "7.00:00:00",
					"retry": 0,
					"retryIntervalInSeconds": 30,
					"secureOutput": false,
					"secureInput": false
				},
				"userProperties": [],
				"typeProperties": {
					"storedProcedureName": "[ETLlog].[uspUpdatePipelineLog]",
					"storedProcedureParameters": {
						"PipelineLogID": {
							"value": {
								"value": "@activity('Pipeline Log Stored Procedure').output.value[0].PipelineLogID",
								"type": "Expression"
							},
							"type": "Int64"
						},
						"SourceFileProcessLogID": {
							"value": null,
							"type": "Int64"
						},
						"SourceCount": {
							"value": null,
							"type": "Int64"
						},
						"TargetCount": {
							"value": null,
							"type": "Int64"
						},
						"ErrorCount": {
							"value": null,
							"type": "Int64"
						},
						"IsLandingToRawProcessed": {
							"value": null,
							"type": "Single"
						},
						"IsRawtoStandardisedProcessed": {
							"value": null,
							"type": "Single"
						},
						"PipelineStatus": {
							"value": "Succeeded",
							"type": "String"
						},
						"SourceObjectId": {
							"value": null,
							"type": "Int64"
						},
						"SourceId": {
							"value": null,
							"type": "Int64"
						}
					}
				},
				"linkedServiceName": {
					"referenceName": "LS_edmsbxsea_asql",
					"type": "LinkedServiceReference"
				}
			},
			{
				"name": "WebADFDatabricksKey",
				"description": "This activity is used to get the Databricks workspace personal access token from key vault.",
				"type": "WebActivity",
				"dependsOn": [
					{
						"activity": "Get Pools To Be Created",
						"dependencyConditions": [
							"Succeeded"
						]
					}
				],
				"policy": {
					"timeout": "7.00:00:00",
					"retry": 0,
					"retryIntervalInSeconds": 30,
					"secureOutput": false,
					"secureInput": false
				},
				"userProperties": [],
				"typeProperties": {
					"url": {
						"value": "@concat(pipeline().parameters.DatabricksKeyUrl,'?api-version=7.0')",
						"type": "Expression"
					},
					"method": "GET",
					"authentication": {
						"type": "MSI",
						"resource": "https://vault.azure.net"
					}
				}
			},
			{
				"name": "Set Databricks Key",
				"description": "This activity sets the variable DatabricksKey based on the output of web activity.",
				"type": "SetVariable",
				"dependsOn": [
					{
						"activity": "WebADFDatabricksKey",
						"dependencyConditions": [
							"Succeeded"
						]
					}
				],
				"userProperties": [],
				"typeProperties": {
					"variableName": "DatabricksKey",
					"value": {
						"value": "@activity('WebADFDatabricksKey').output.value",
						"type": "Expression"
					}
				}
			},
			{
				"name": "Soft Delete Current Pools",
				"description": "This activity calls stored procedure [ETLlog].[uspSoftDeleteActivePoolConfig] which is used to soft delete the current active job pools before creating new instance pool. ",
				"type": "SqlServerStoredProcedure",
				"dependsOn": [
					{
						"activity": "Set Databricks Key",
						"dependencyConditions": [
							"Succeeded"
						]
					}
				],
				"policy": {
					"timeout": "7.00:00:00",
					"retry": 0,
					"retryIntervalInSeconds": 30,
					"secureOutput": false,
					"secureInput": false
				},
				"userProperties": [],
				"typeProperties": {
					"storedProcedureName": "[ETLlog].[uspSoftDeleteActivePoolConfig]"
				},
				"linkedServiceName": {
					"referenceName": "LS_edmsbxsea_asql",
					"type": "LinkedServiceReference"
				}
			},
			{
				"name": "Update Pipeline Error Log",
				"description": "This activity updates pipeline log in ETLLog.PipelineLog table on failure of the pipeline",
				"type": "SqlServerStoredProcedure",
				"dependsOn": [
					{
						"activity": "ForEachPool",
						"dependencyConditions": [
							"Failed"
						]
					}
				],
				"policy": {
					"timeout": "7.00:00:00",
					"retry": 0,
					"retryIntervalInSeconds": 30,
					"secureOutput": false,
					"secureInput": false
				},
				"userProperties": [],
				"typeProperties": {
					"storedProcedureName": "[ETLlog].[uspUpdatePipelineLog]",
					"storedProcedureParameters": {
						"Details": {
							"value": "False",
							"type": "Boolean"
						},
						"ErrorCount": {
							"value": null,
							"type": "Int64"
						},
						"IsCDCFile": {
							"value": null,
							"type": "Boolean"
						},
						"IsLandingToRawProcessed": {
							"value": null,
							"type": "Boolean"
						},
						"IsRawtoStandardisedProcessed": {
							"value": null,
							"type": "Boolean"
						},
						"PipelineLogID": {
							"value": {
								"value": "@activity('Pipeline Log Stored Procedure').output.value[0].PipelineLogID",
								"type": "Expression"
							},
							"type": "Int32"
						},
						"PipelineStatus": {
							"value": "Failed",
							"type": "String"
						},
						"RawFileStatus": {
							"value": null,
							"type": "String"
						},
						"RawPath": {
							"value": null,
							"type": "String"
						},
						"SourceCount": {
							"value": null,
							"type": "Int64"
						},
						"SourceFileProcessLogID": {
							"value": null,
							"type": "Int32"
						},
						"SourceFileStatus": {
							"value": null,
							"type": "String"
						},
						"SourceId": {
							"value": null,
							"type": "Int32"
						},
						"SourceObjectId": {
							"value": null,
							"type": "Int32"
						},
						"TargetCount": {
							"value": null,
							"type": "Int64"
						}
					}
				},
				"linkedServiceName": {
					"referenceName": "LS_edmsbxsea_asql",
					"type": "LinkedServiceReference"
				}
			}
		],
		"parameters": {
			"DatabricksWorkspaceUrl": {
				"type": "string",
				"defaultValue": "https://adb-8045677374177174.14.azuredatabricks.net/api/2.0/instance-pools/create"
			},
			"DatabricksKeyUrl": {
				"type": "string",
				"defaultValue": "https://shared-sbx-sea-keyvault.vault.azure.net/secrets/DatabricksKey/b5179ce5743d4f83a9b965ac5f0649f8"
			}
		},
		"variables": {
			"DatabricksKey": {
				"type": "String"
			}
		},
		"folder": {
			"name": "Batch Ingestion"
		},
		"annotations": []
	}
}