{
	"$schema": "http://schema.management.azure.com/schemas/2015-01-01/deploymentTemplate.json#",
	"contentVersion": "1.0.0.0",
	"parameters": {
		"factoryName": {
			"type": "string",
			"metadata": "Data Factory name",
			"defaultValue": "edm-sbx-sea-adf"
		}
	},
	"variables": {
		"factoryId": "[concat('Microsoft.DataFactory/factories/', parameters('factoryName'))]"
	},
	"resources": [
		{
			"name": "[concat(parameters('factoryName'), '/LS_EDMP_Adbk_RealTimeIngestion')]",
			"type": "Microsoft.DataFactory/factories/linkedServices",
			"apiVersion": "2018-06-01",
			"properties": {
				"annotations": [],
				"type": "AzureDatabricks",
				"typeProperties": {
					"domain": "https://adb-8045677374177174.14.azuredatabricks.net",
					"authentication": "MSI",
					"workspaceResourceId": "/subscriptions/e87cf38c-8f6f-4cb2-a8ec-886a94bc28d5/resourceGroups/edm-sbx-sea-rg/providers/Microsoft.Databricks/workspaces/edm-sbx-sea-adbk",
					"existingClusterId": "0525-114015-inky197"
				}
			},
			"dependsOn": []
		},
		{
			"name": "[concat(parameters('factoryName'), '/LS_edmsbxsea_ablb')]",
			"type": "Microsoft.DataFactory/factories/linkedServices",
			"apiVersion": "2018-06-01",
			"properties": {
				"annotations": [],
				"type": "AzureBlobStorage",
				"typeProperties": {
					"serviceEndpoint": "https://edmsbxsealandsa.blob.core.windows.net",
					"accountKind": "StorageV2"
				}
			},
			"dependsOn": []
		},
		{
			"name": "[concat(parameters('factoryName'), '/LS_edmsbxsea_adbk')]",
			"type": "Microsoft.DataFactory/factories/linkedServices",
			"apiVersion": "2018-06-01",
			"properties": {
				"annotations": [],
				"type": "AzureDatabricks",
				"typeProperties": {
					"domain": "https://adb-8045677374177174.14.azuredatabricks.net",
					"authentication": "MSI",
					"workspaceResourceId": "/subscriptions/e87cf38c-8f6f-4cb2-a8ec-886a94bc28d5/resourceGroups/edm-sbx-sea-rg/providers/Microsoft.Databricks/workspaces/edm-sbx-sea-adbk",
					"existingClusterId": "0409-081727-gulfs718"
				}
			},
			"dependsOn": []
		},
		{
			"name": "[concat(parameters('factoryName'), '/LS_edmsbxsea_adls')]",
			"type": "Microsoft.DataFactory/factories/linkedServices",
			"apiVersion": "2018-06-01",
			"properties": {
				"annotations": [],
				"type": "AzureBlobFS",
				"typeProperties": {
					"url": "https://edmsbxseadlk.dfs.core.windows.net"
				}
			},
			"dependsOn": []
		}
	]
}