{
	"$schema": "http://schema.management.azure.com/schemas/2015-01-01/deploymentTemplate.json#",
	"contentVersion": "1.0.0.0",
	"parameters": {
		"factoryName": {
			"type": "string",
			"metadata": "Data Factory name",
			"defaultValue": "edm-sbx-sea-adf"
		}
	},
	"variables": {
		"factoryId": "[concat('Microsoft.DataFactory/factories/', parameters('factoryName'))]"
	},
	"resources": [
		{
			"name": "[concat(parameters('factoryName'), '/PL_edmsbxsea_RawToStandardized')]",
			"type": "Microsoft.DataFactory/factories/pipelines",
			"apiVersion": "2018-06-01",
			"properties": {
				"activities": [
					{
						"name": "RawToStandardized",
						"type": "DatabricksNotebook",
						"dependsOn": [],
						"policy": {
							"timeout": "7.00:00:00",
							"retry": 0,
							"retryIntervalInSeconds": 30,
							"secureOutput": false,
							"secureInput": false
						},
						"userProperties": [],
						"typeProperties": {
							"notebookPath": "/Users/v-vjangid@microsoft.com/SCB_Batch_Ingestion_Framework/RawToStandardizeTransformations"
						},
						"linkedServiceName": {
							"referenceName": "LS_edmsbxsea_adbk",
							"type": "LinkedServiceReference"
						}
					},
					{
						"name": "ForEach1",
						"type": "ForEach",
						"dependsOn": [
							{
								"activity": "RawToStandardized",
								"dependencyConditions": [
									"Succeeded"
								]
							}
						],
						"userProperties": [],
						"typeProperties": {
							"items": {
								"value": "@activity('RawToStandardized').output.runOutput",
								"type": "Expression"
							},
							"activities": [
								{
									"name": "RawToStandardiseLogUpdate",
									"type": "SqlServerStoredProcedure",
									"dependsOn": [],
									"policy": {
										"timeout": "7.00:00:00",
										"retry": 0,
										"retryIntervalInSeconds": 30,
										"secureOutput": false,
										"secureInput": false
									},
									"userProperties": [],
									"typeProperties": {
										"storedProcedureName": "[[ETLlog].[RawToStandardizeLogProc]",
										"storedProcedureParameters": {
											"SourceName": {
												"value": {
													"value": "@item().Source",
													"type": "Expression"
												},
												"type": "String"
											},
											"CountryCode": {
												"value": {
													"value": "@item().CountryCode",
													"type": "Expression"
												},
												"type": "String"
											},
											"SourceType": {
												"value": {
													"value": "@item().SourceType",
													"type": "Expression"
												},
												"type": "String"
											},
											"FileName": {
												"value": {
													"value": "@item().FileName",
													"type": "Expression"
												},
												"type": "String"
											},
											"ValidationStatus": {
												"value": {
													"value": "@string(item())",
													"type": "Expression"
												},
												"type": "String"
											},
											"ProjectCode": {
												"value": {
													"value": "1",
													"type": "Expression"
												},
												"type": "Int16"
											}
										}
									},
									"linkedServiceName": {
										"referenceName": "LS_edmsbxsea_asql",
										"type": "LinkedServiceReference"
									}
								},
								{
									"name": "SourceFileProcessLogUpdate",
									"type": "SqlServerStoredProcedure",
									"dependsOn": [
										{
											"activity": "RawToStandardiseLogUpdate",
											"dependencyConditions": [
												"Succeeded"
											]
										}
									],
									"policy": {
										"timeout": "7.00:00:00",
										"retry": 0,
										"retryIntervalInSeconds": 30,
										"secureOutput": false,
										"secureInput": false
									},
									"userProperties": [],
									"typeProperties": {
										"storedProcedureName": "[[ETLlog].[SourceFileProcessLogprocupdate]",
										"storedProcedureParameters": {
											"FileName": {
												"value": {
													"value": "@item().FileName",
													"type": "Expression"
												}
											}
										}
									},
									"linkedServiceName": {
										"referenceName": "LS_edmsbxsea_asql",
										"type": "LinkedServiceReference"
									}
								}
							]
						}
					}
				],
				"folder": {
					"name": "Batch Ingestion"
				},
				"annotations": [],
				"lastPublishTime": "2021-04-19T06:44:26Z"
			},
			"dependsOn": []
		},
		{
			"name": "[concat(parameters('factoryName'), '/TR_Landing_Raw')]",
			"type": "Microsoft.DataFactory/factories/triggers",
			"apiVersion": "2018-06-01",
			"properties": {
				"annotations": [],
				"runtimeState": "Started",
				"pipelines": [
					{
						"pipelineReference": {
							"referenceName": "PL_edmsbxsea_LandingtoRaw",
							"type": "PipelineReference"
						},
						"parameters": {
							"filename": "@triggerBody().fileName",
							"filepath": "@triggerBody().folderPath"
						}
					}
				],
				"type": "BlobEventsTrigger",
				"typeProperties": {
					"blobPathBeginsWith": "/incoming/blobs/data/",
					"ignoreEmptyBlobs": false,
					"scope": "/subscriptions/e87cf38c-8f6f-4cb2-a8ec-886a94bc28d5/resourceGroups/edm-sbx-sea-rg/providers/Microsoft.Storage/storageAccounts/edmsbxsealandsa",
					"events": [
						"Microsoft.Storage.BlobCreated"
					]
				}
			},
			"dependsOn": []
		},
		{
			"name": "[concat(parameters('factoryName'), '/TR_edmsbxsea_raw')]",
			"type": "Microsoft.DataFactory/factories/triggers",
			"apiVersion": "2018-06-01",
			"properties": {
				"annotations": [],
				"runtimeState": "Started",
				"pipelines": [
					{
						"pipelineReference": {
							"referenceName": "PL_edmsbxsea_RawToStandardized",
							"type": "PipelineReference"
						}
					}
				],
				"type": "ScheduleTrigger",
				"typeProperties": {
					"recurrence": {
						"frequency": "Minute",
						"interval": 15,
						"startTime": "2021-04-01T13:47:00Z",
						"timeZone": "UTC"
					}
				}
			},
			"dependsOn": [
				"[concat(variables('factoryId'), '/pipelines/PL_edmsbxsea_RawToStandardized')]"
			]
		}
	]
}