{
	"$schema": "http://schema.management.azure.com/schemas/2015-01-01/deploymentTemplate.json#",
	"contentVersion": "1.0.0.0",
	"parameters": {
		"factoryName": {
			"type": "string",
			"metadata": "Data Factory name",
			"defaultValue": "edm-sbx-sea-adf"
		}
	},
	"variables": {
		"factoryId": "[concat('Microsoft.DataFactory/factories/', parameters('factoryName'))]"
	},
	"resources": [
		{
			"name": "[concat(parameters('factoryName'), '/PL_EDM_Realtime_Schema_Parser')]",
			"type": "Microsoft.DataFactory/factories/pipelines",
			"apiVersion": "2018-06-01",
			"properties": {
				"description": "This pipeline gets invoked when a schema file is dropped in the ADLS schema folder and is used to parse the schema file and register it into the ADLS schema resgistry",
				"activities": [
					{
						"name": "Lookup Config File",
						"description": "This activity is used to read the config file from ADLS",
						"type": "Lookup",
						"dependsOn": [
							{
								"activity": "Create Pipeline Log",
								"dependencyConditions": [
									"Succeeded"
								]
							}
						],
						"policy": {
							"timeout": "7.00:00:00",
							"retry": 0,
							"retryIntervalInSeconds": 30,
							"secureOutput": false,
							"secureInput": false
						},
						"userProperties": [],
						"typeProperties": {
							"source": {
								"type": "JsonSource",
								"storeSettings": {
									"type": "AzureBlobFSReadSettings",
									"recursive": true,
									"enablePartitionDiscovery": false
								},
								"formatSettings": {
									"type": "JsonReadSettings"
								}
							},
							"dataset": {
								"referenceName": "DS_EDMP_Adls_EnvConfig",
								"type": "DatasetReference",
								"parameters": {
									"FileSystem": {
										"value": "@pipeline().parameters.ConfigFileSystem",
										"type": "Expression"
									},
									"ConfigFileName": {
										"value": "@pipeline().parameters.ConfigFileName",
										"type": "Expression"
									}
								}
							},
							"firstRowOnly": false
						}
					},
					{
						"name": "Set SPN ID",
						"type": "SetVariable",
						"dependsOn": [
							{
								"activity": "Lookup Config File",
								"dependencyConditions": [
									"Succeeded"
								]
							}
						],
						"userProperties": [],
						"typeProperties": {
							"variableName": "spn_id",
							"value": {
								"value": "@activity('Lookup Config File').output.value[0]['spn_credentials']['spn_id']",
								"type": "Expression"
							}
						}
					},
					{
						"name": "Set Tenant ID",
						"type": "SetVariable",
						"dependsOn": [
							{
								"activity": "Lookup Config File",
								"dependencyConditions": [
									"Succeeded"
								]
							}
						],
						"userProperties": [],
						"typeProperties": {
							"variableName": "tenant_id",
							"value": {
								"value": "@activity('Lookup Config File').output.value[0]['tenant_id']",
								"type": "Expression"
							}
						}
					},
					{
						"name": "Set Keyvault name",
						"type": "SetVariable",
						"dependsOn": [
							{
								"activity": "Lookup Config File",
								"dependencyConditions": [
									"Succeeded"
								]
							}
						],
						"userProperties": [],
						"typeProperties": {
							"variableName": "kv_name",
							"value": {
								"value": "@activity('Lookup Config File').output.value[0]['keyvault']['name']",
								"type": "Expression"
							}
						}
					},
					{
						"name": "Set ADLS Account Name",
						"type": "SetVariable",
						"dependsOn": [
							{
								"activity": "Lookup Config File",
								"dependencyConditions": [
									"Succeeded"
								]
							}
						],
						"userProperties": [],
						"typeProperties": {
							"variableName": "adls_account_name",
							"value": {
								"value": "@activity('Lookup Config File').output.value[0]['adls_details']['name']",
								"type": "Expression"
							}
						}
					},
					{
						"name": "Parse Register Schema",
						"type": "DatabricksNotebook",
						"dependsOn": [
							{
								"activity": "Create Streaming Source File Log Activity",
								"dependencyConditions": [
									"Succeeded"
								]
							}
						],
						"policy": {
							"timeout": "7.00:00:00",
							"retry": 0,
							"retryIntervalInSeconds": 30,
							"secureOutput": false,
							"secureInput": false
						},
						"userProperties": [],
						"typeProperties": {
							"notebookPath": "/Shared/EDMRealTimeIngestion/finalNotebook/real_time_schema_parse_resgister",
							"baseParameters": {
								"spn_id": {
									"value": "@variables('spn_id')",
									"type": "Expression"
								},
								"tenant_id": {
									"value": "@variables('tenant_id')",
									"type": "Expression"
								},
								"kv_name": {
									"value": "@variables('kv_name')",
									"type": "Expression"
								},
								"adls_account_name": {
									"value": "@variables('adls_account_name')",
									"type": "Expression"
								},
								"file_path": {
									"value": "@pipeline().parameters.SchemaFilePath",
									"type": "Expression"
								},
								"file_name": {
									"value": "@pipeline().parameters.SchemaFileName",
									"type": "Expression"
								},
								"config_path": {
									"value": "@pipeline().parameters.ConfigFileName",
									"type": "Expression"
								}
							}
						},
						"linkedServiceName": {
							"referenceName": "LS_EDMP_Adbk_RealTimeIngestion",
							"type": "LinkedServiceReference"
						}
					},
					{
						"name": "Create Pipeline Log",
						"type": "Lookup",
						"dependsOn": [],
						"policy": {
							"timeout": "7.00:00:00",
							"retry": 0,
							"retryIntervalInSeconds": 30,
							"secureOutput": false,
							"secureInput": false
						},
						"userProperties": [],
						"typeProperties": {
							"source": {
								"type": "AzureSqlSource",
								"sqlReaderStoredProcedureName": "[[ETLlog].[uspUpdateEtlPipelineLogRealTime]",
								"storedProcedureParameters": {
									"EndTime": {
										"type": "DateTime",
										"value": null
									},
									"LoadType": {
										"type": "String",
										"value": "Schema Loading"
									},
									"Mode": {
										"type": "String",
										"value": "insert"
									},
									"PipelineLogID": {
										"type": "Int32",
										"value": null
									},
									"PipeLineName": {
										"type": "String",
										"value": {
											"value": "@pipeline().Pipeline",
											"type": "Expression"
										}
									},
									"PipelineStatus": {
										"type": "String",
										"value": "In Progress"
									},
									"RunID": {
										"type": "Guid",
										"value": {
											"value": "@pipeline().RunId",
											"type": "Expression"
										}
									},
									"StartTime": {
										"type": "DateTime",
										"value": {
											"value": "@formatDateTime(pipeline().TriggerTime,'yyyy-MM-dd HH:mm:ss')",
											"type": "Expression"
										}
									}
								},
								"queryTimeout": "02:00:00",
								"partitionOption": "None"
							},
							"dataset": {
								"referenceName": "DS_edmsbxsea_asql",
								"type": "DatasetReference"
							}
						}
					},
					{
						"name": "Create Schema Parser Activity Log",
						"type": "Lookup",
						"dependsOn": [
							{
								"activity": "Set SPN ID",
								"dependencyConditions": [
									"Succeeded"
								]
							},
							{
								"activity": "Set Tenant ID",
								"dependencyConditions": [
									"Succeeded"
								]
							},
							{
								"activity": "Set Keyvault name",
								"dependencyConditions": [
									"Succeeded"
								]
							},
							{
								"activity": "Set ADLS Account Name",
								"dependencyConditions": [
									"Succeeded"
								]
							}
						],
						"policy": {
							"timeout": "7.00:00:00",
							"retry": 0,
							"retryIntervalInSeconds": 30,
							"secureOutput": false,
							"secureInput": false
						},
						"userProperties": [],
						"typeProperties": {
							"source": {
								"type": "AzureSqlSource",
								"sqlReaderStoredProcedureName": "[[ETLlog].[uspUpdateEtlActivityLogRealTime]",
								"storedProcedureParameters": {
									"ActivityLogID": {
										"type": "Int64",
										"value": null
									},
									"ActivityName": {
										"type": "String",
										"value": "Parse Schema"
									},
									"ActivityStatus": {
										"type": "String",
										"value": "In Progress"
									},
									"ActivityType": {
										"type": "String",
										"value": "Databricks"
									},
									"EndTime": {
										"type": "DateTime",
										"value": null
									},
									"Mode": {
										"type": "String",
										"value": "insert"
									},
									"PipelineLogID": {
										"type": "Int32",
										"value": {
											"value": "@activity('Create Pipeline Log').output.firstRow.PipelineLogID",
											"type": "Expression"
										}
									},
									"StartTime": {
										"type": "DateTime",
										"value": {
											"value": "@formatDateTime(utcnow(),'yyyy-MM-dd HH:mm:ss')",
											"type": "Expression"
										}
									}
								},
								"queryTimeout": "02:00:00",
								"partitionOption": "None"
							},
							"dataset": {
								"referenceName": "DS_edmsbxsea_asql",
								"type": "DatasetReference"
							}
						}
					},
					{
						"name": "Create Streaming Source File Log Activity",
						"type": "Lookup",
						"dependsOn": [
							{
								"activity": "Create Schema Parser Activity Log",
								"dependencyConditions": [
									"Succeeded"
								]
							}
						],
						"policy": {
							"timeout": "7.00:00:00",
							"retry": 0,
							"retryIntervalInSeconds": 30,
							"secureOutput": false,
							"secureInput": false
						},
						"userProperties": [],
						"typeProperties": {
							"source": {
								"type": "AzureSqlSource",
								"sqlReaderStoredProcedureName": "[[ETLlog].[uspUpdateStreamingFileLog]",
								"storedProcedureParameters": {
									"EndTime": {
										"type": "DateTime",
										"value": null
									},
									"FileLogID": {
										"type": "Int64",
										"value": null
									},
									"FileName": {
										"type": "String",
										"value": {
											"value": "@pipeline().parameters.SchemaFileName",
											"type": "Expression"
										}
									},
									"FilePath": {
										"type": "String",
										"value": {
											"value": "@pipeline().parameters.SchemaFilePath",
											"type": "Expression"
										}
									},
									"FileType": {
										"type": "String",
										"value": "schema"
									},
									"IsSucessful": {
										"type": "Boolean",
										"value": "False"
									},
									"Mode": {
										"type": "String",
										"value": "insert"
									},
									"PipelineLogID": {
										"type": "Int32",
										"value": {
											"value": "@activity('Create Pipeline Log').output.firstRow.PipelineLogID",
											"type": "Expression"
										}
									},
									"StartTime": {
										"type": "DateTime",
										"value": {
											"value": "@formatDateTime(utcnow(),'yyyy-MM-dd HH:mm:ss')",
											"type": "Expression"
										}
									}
								},
								"queryTimeout": "02:00:00",
								"partitionOption": "None"
							},
							"dataset": {
								"referenceName": "DS_edmsbxsea_asql",
								"type": "DatasetReference"
							}
						}
					},
					{
						"name": "Update Schema Parser Activity Log",
						"type": "SqlServerStoredProcedure",
						"dependsOn": [
							{
								"activity": "Update Streaming File Log",
								"dependencyConditions": [
									"Succeeded"
								]
							}
						],
						"policy": {
							"timeout": "7.00:00:00",
							"retry": 0,
							"retryIntervalInSeconds": 30,
							"secureOutput": false,
							"secureInput": false
						},
						"userProperties": [],
						"typeProperties": {
							"storedProcedureName": "[[ETLlog].[uspUpdateEtlActivityLogRealTime]",
							"storedProcedureParameters": {
								"ActivityLogID": {
									"value": {
										"value": "@activity('Create Schema Parser Activity Log').output.firstRow.PipelineActivityLogID",
										"type": "Expression"
									},
									"type": "Int64"
								},
								"ActivityName": {
									"value": null,
									"type": "String"
								},
								"ActivityStatus": {
									"value": "Successful",
									"type": "String"
								},
								"ActivityType": {
									"value": null,
									"type": "String"
								},
								"EndTime": {
									"value": {
										"value": "@formatDateTime(utcnow(),'yyyy-MM-dd HH:mm:ss')",
										"type": "Expression"
									},
									"type": "DateTime"
								},
								"Mode": {
									"value": "update",
									"type": "String"
								},
								"PipelineLogID": {
									"value": null,
									"type": "Int32"
								},
								"StartTime": {
									"value": null,
									"type": "DateTime"
								}
							}
						},
						"linkedServiceName": {
							"referenceName": "LS_edmsbxsea_asql",
							"type": "LinkedServiceReference"
						}
					},
					{
						"name": "Update Pipeline Log Activity",
						"type": "SqlServerStoredProcedure",
						"dependsOn": [
							{
								"activity": "Update Schema Parser Activity Log",
								"dependencyConditions": [
									"Succeeded"
								]
							}
						],
						"policy": {
							"timeout": "7.00:00:00",
							"retry": 0,
							"retryIntervalInSeconds": 30,
							"secureOutput": false,
							"secureInput": false
						},
						"userProperties": [],
						"typeProperties": {
							"storedProcedureName": "[[ETLlog].[uspUpdateEtlPipelineLogRealTime]",
							"storedProcedureParameters": {
								"EndTime": {
									"value": {
										"value": "@formatDateTime(utcnow(),'yyyy-MM-dd HH:mm:ss')",
										"type": "Expression"
									},
									"type": "DateTime"
								},
								"LoadType": {
									"value": null,
									"type": "String"
								},
								"Mode": {
									"value": "update",
									"type": "String"
								},
								"PipelineLogID": {
									"value": {
										"value": "@activity('Create Pipeline Log').output.firstRow.PipelineLogID",
										"type": "Expression"
									},
									"type": "Int32"
								},
								"PipeLineName": {
									"value": null,
									"type": "String"
								},
								"PipelineStatus": {
									"value": "Successful",
									"type": "String"
								},
								"RunID": {
									"value": null,
									"type": "Guid"
								},
								"StartTime": {
									"value": null,
									"type": "DateTime"
								}
							}
						},
						"linkedServiceName": {
							"referenceName": "LS_edmsbxsea_asql",
							"type": "LinkedServiceReference"
						}
					},
					{
						"name": "Update Streaming File Log",
						"type": "SqlServerStoredProcedure",
						"dependsOn": [
							{
								"activity": "Parse Register Schema",
								"dependencyConditions": [
									"Succeeded"
								]
							}
						],
						"policy": {
							"timeout": "7.00:00:00",
							"retry": 0,
							"retryIntervalInSeconds": 30,
							"secureOutput": false,
							"secureInput": false
						},
						"userProperties": [],
						"typeProperties": {
							"storedProcedureName": "[[ETLlog].[uspUpdateStreamingFileLog]",
							"storedProcedureParameters": {
								"EndTime": {
									"value": {
										"value": "@formatDateTime(utcnow(),'yyyy-MM-dd HH:mm:ss')",
										"type": "Expression"
									},
									"type": "DateTime"
								},
								"FileLogID": {
									"value": {
										"value": "@activity('Create Streaming Source File Log Activity').output.firstRow.StreamingFileLogID",
										"type": "Expression"
									},
									"type": "Int64"
								},
								"FileName": {
									"value": null,
									"type": "String"
								},
								"FilePath": {
									"value": null,
									"type": "String"
								},
								"FileType": {
									"value": null,
									"type": "String"
								},
								"IsSucessful": {
									"value": "True",
									"type": "Boolean"
								},
								"Mode": {
									"value": "update",
									"type": "String"
								},
								"PipelineLogID": {
									"value": null,
									"type": "Int32"
								},
								"StartTime": {
									"value": null,
									"type": "DateTime"
								}
							}
						},
						"linkedServiceName": {
							"referenceName": "LS_edmsbxsea_asql",
							"type": "LinkedServiceReference"
						}
					},
					{
						"name": "Update Streaming File Error Log",
						"type": "SqlServerStoredProcedure",
						"dependsOn": [
							{
								"activity": "Parse Register Schema",
								"dependencyConditions": [
									"Failed"
								]
							}
						],
						"policy": {
							"timeout": "7.00:00:00",
							"retry": 0,
							"retryIntervalInSeconds": 30,
							"secureOutput": false,
							"secureInput": false
						},
						"userProperties": [],
						"typeProperties": {
							"storedProcedureName": "[[ETLlog].[uspUpdateStreamingFileLog]",
							"storedProcedureParameters": {
								"EndTime": {
									"value": null,
									"type": "DateTime"
								},
								"FileLogID": {
									"value": {
										"value": "@activity('Create Streaming Source File Log Activity').output.firstRow.StreamingFileLogID",
										"type": "Expression"
									},
									"type": "Int64"
								},
								"FileName": {
									"value": null,
									"type": "String"
								},
								"FilePath": {
									"value": null,
									"type": "String"
								},
								"FileType": {
									"value": null,
									"type": "String"
								},
								"IsSucessful": {
									"value": "False",
									"type": "Boolean"
								},
								"Mode": {
									"value": "update",
									"type": "String"
								},
								"PipelineLogID": {
									"value": null,
									"type": "Int32"
								},
								"StartTime": {
									"value": null,
									"type": "DateTime"
								}
							}
						},
						"linkedServiceName": {
							"referenceName": "LS_edmsbxsea_asql",
							"type": "LinkedServiceReference"
						}
					},
					{
						"name": "Update Schema Parser Activity Error Log",
						"type": "SqlServerStoredProcedure",
						"dependsOn": [
							{
								"activity": "Update Streaming File Error Log",
								"dependencyConditions": [
									"Succeeded"
								]
							}
						],
						"policy": {
							"timeout": "7.00:00:00",
							"retry": 0,
							"retryIntervalInSeconds": 30,
							"secureOutput": false,
							"secureInput": false
						},
						"userProperties": [],
						"typeProperties": {
							"storedProcedureName": "[[ETLlog].[uspUpdateEtlActivityLogRealTime]",
							"storedProcedureParameters": {
								"ActivityLogID": {
									"value": {
										"value": "@activity('Create Schema Parser Activity Log').output.firstRow.PipelineActivityLogID",
										"type": "Expression"
									},
									"type": "Int64"
								},
								"ActivityName": {
									"value": null,
									"type": "String"
								},
								"ActivityStatus": {
									"value": "Failed",
									"type": "String"
								},
								"ActivityType": {
									"value": null,
									"type": "String"
								},
								"EndTime": {
									"value": null,
									"type": "DateTime"
								},
								"ErrorMessage": {
									"value": "Schema Parser and Registration Failed",
									"type": "String"
								},
								"Mode": {
									"value": "update",
									"type": "String"
								},
								"PipelineLogID": {
									"value": null,
									"type": "Int32"
								},
								"StartTime": {
									"value": null,
									"type": "DateTime"
								}
							}
						},
						"linkedServiceName": {
							"referenceName": "LS_edmsbxsea_asql",
							"type": "LinkedServiceReference"
						}
					},
					{
						"name": "Update Pipeline Activity Error Log",
						"type": "SqlServerStoredProcedure",
						"dependsOn": [
							{
								"activity": "Update Schema Parser Activity Error Log",
								"dependencyConditions": [
									"Succeeded"
								]
							}
						],
						"policy": {
							"timeout": "7.00:00:00",
							"retry": 0,
							"retryIntervalInSeconds": 30,
							"secureOutput": false,
							"secureInput": false
						},
						"userProperties": [],
						"typeProperties": {
							"storedProcedureName": "[[ETLlog].[uspUpdateEtlPipelineLogRealTime]",
							"storedProcedureParameters": {
								"EndTime": {
									"value": {
										"value": "@formatDateTime(utcnow(),'yyyy-MM-dd HH:mm:ss')",
										"type": "Expression"
									},
									"type": "DateTime"
								},
								"LoadType": {
									"value": null,
									"type": "String"
								},
								"Mode": {
									"value": "update",
									"type": "String"
								},
								"PipelineLogID": {
									"value": {
										"value": "@activity('Create Pipeline Log').output.firstRow.PipelineLogID",
										"type": "Expression"
									},
									"type": "Int32"
								},
								"PipeLineName": {
									"value": null,
									"type": "String"
								},
								"PipelineStatus": {
									"value": "Failed",
									"type": "String"
								},
								"RunID": {
									"value": null,
									"type": "Guid"
								},
								"StartTime": {
									"value": null,
									"type": "DateTime"
								}
							}
						},
						"linkedServiceName": {
							"referenceName": "LS_edmsbxsea_asql",
							"type": "LinkedServiceReference"
						}
					}
				],
				"parameters": {
					"ConfigFileName": {
						"type": "string",
						"defaultValue": "scb_env_config.json"
					},
					"ConfigFileSystem": {
						"type": "string",
						"defaultValue": "raw"
					},
					"SchemaFilePath": {
						"type": "string"
					},
					"SchemaFileName": {
						"type": "string"
					}
				},
				"variables": {
					"spn_id": {
						"type": "String"
					},
					"tenant_id": {
						"type": "String"
					},
					"kv_name": {
						"type": "String"
					},
					"adls_account_name": {
						"type": "String"
					}
				},
				"folder": {
					"name": "Real Time Ingestion"
				},
				"annotations": []
			},
			"dependsOn": []
		}
	]
}