{
	"$schema": "http://schema.management.azure.com/schemas/2015-01-01/deploymentTemplate.json#",
	"contentVersion": "1.0.0.0",
	"parameters": {
		"factoryName": {
			"type": "string",
			"metadata": "Data Factory name",
			"defaultValue": "edm-sbx-sea-adf"
		}
	},
	"variables": {
		"factoryId": "[concat('Microsoft.DataFactory/factories/', parameters('factoryName'))]"
	},
	"resources": [
		{
			"name": "[concat(parameters('factoryName'), '/PL_EDM_BatchIngestion_GenerateControlFile')]",
			"type": "Microsoft.DataFactory/factories/pipelines",
			"apiVersion": "2018-06-01",
			"properties": {
				"activities": [
					{
						"name": "Look Up Source Name",
						"description": "Look up source names from SQL DB",
						"type": "Lookup",
						"dependsOn": [],
						"policy": {
							"timeout": "7.00:00:00",
							"retry": 0,
							"retryIntervalInSeconds": 30,
							"secureOutput": false,
							"secureInput": false
						},
						"userProperties": [],
						"typeProperties": {
							"source": {
								"type": "AzureSqlSource",
								"sqlReaderStoredProcedureName": "[[ETLlog].[usp_GetSourceName]",
								"storedProcedureParameters": {
									"SourceFileStatus": {
										"type": "String",
										"value": "Not Processed"
									}
								},
								"queryTimeout": "02:00:00",
								"partitionOption": "None"
							},
							"dataset": {
								"referenceName": "DS_edmsbxsea_asql",
								"type": "DatasetReference"
							},
							"firstRowOnly": false
						}
					},
					{
						"name": "For Each Source",
						"description": "Loop through all the sources",
						"type": "ForEach",
						"dependsOn": [
							{
								"activity": "Look Up Source Name",
								"dependencyConditions": [
									"Succeeded"
								]
							}
						],
						"userProperties": [],
						"typeProperties": {
							"items": {
								"value": "@activity('Look Up Source Name').output.value",
								"type": "Expression"
							},
							"activities": [
								{
									"name": "Create Control File",
									"type": "Copy",
									"dependsOn": [],
									"policy": {
										"timeout": "7.00:00:00",
										"retry": 0,
										"retryIntervalInSeconds": 30,
										"secureOutput": false,
										"secureInput": false
									},
									"userProperties": [],
									"typeProperties": {
										"source": {
											"type": "AzureSqlSource",
											"sqlReaderStoredProcedureName": "[[ETLlog].[uspGetSourceFiles]",
											"storedProcedureParameters": {
												"SourceFileStatus": {
													"type": "String",
													"value": "Not Processed"
												},
												"SourceName": {
													"type": "String",
													"value": {
														"value": "@item().Source",
														"type": "Expression"
													}
												}
											},
											"queryTimeout": "02:00:00",
											"partitionOption": "None"
										},
										"sink": {
											"type": "DelimitedTextSink",
											"storeSettings": {
												"type": "AzureBlobStorageWriteSettings"
											},
											"formatSettings": {
												"type": "DelimitedTextWriteSettings",
												"quoteAllText": true,
												"fileExtension": ".txt"
											}
										},
										"enableStaging": false,
										"translator": {
											"type": "TabularTranslator",
											"typeConversion": true,
											"typeConversionSettings": {
												"allowDataTruncation": true,
												"treatBooleanAsNumber": false
											}
										}
									},
									"inputs": [
										{
											"referenceName": "DS_edmsbxsea_asql",
											"type": "DatasetReference"
										}
									],
									"outputs": [
										{
											"referenceName": "DS_edmsbxsea_ablb_intermediate",
											"type": "DatasetReference",
											"parameters": {
												"FolderName": {
													"value": "@item().Source",
													"type": "Expression"
												},
												"FileName": {
													"value": "@concat(item().source,'_input_',formatDateTime(utcnow(),'yyyyMMddTHHmmss'),'.csv')",
													"type": "Expression"
												}
											}
										}
									]
								}
							]
						}
					}
				],
				"folder": {
					"name": "Batch Ingestion"
				},
				"annotations": []
			},
			"dependsOn": [
				"[concat(variables('factoryId'), '/datasets/DS_edmsbxsea_ablb_intermediate')]"
			]
		},
		{
			"name": "[concat(parameters('factoryName'), '/PL_EDM_BatchIngestion_LandingtoRaw')]",
			"type": "Microsoft.DataFactory/factories/pipelines",
			"apiVersion": "2018-06-01",
			"properties": {
				"activities": [
					{
						"name": "Pipeline Log Stored Procedure",
						"type": "Lookup",
						"dependsOn": [],
						"policy": {
							"timeout": "7.00:00:00",
							"retry": 0,
							"retryIntervalInSeconds": 30,
							"secureOutput": false,
							"secureInput": false
						},
						"userProperties": [],
						"typeProperties": {
							"source": {
								"type": "AzureSqlSource",
								"sqlReaderStoredProcedureName": "[[ETLlog].[uspInsertPipelineLog]",
								"storedProcedureParameters": {
									"ParentPipelineLogID": {
										"value": null
									},
									"SourceObjectID": {
										"value": null
									},
									"PipelineRunID": {
										"value": {
											"value": "@pipeline().RunId",
											"type": "Expression"
										}
									},
									"LoadType": {
										"value": "LandingToRaw"
									},
									"ObjectLoadStartDateTime": {
										"value": {
											"value": "@formatDateTime(utcnow(), 'dd-MMM-yyyy HH:mm:ss')",
											"type": "Expression"
										}
									},
									"FileName": {
										"value": {
											"value": "@pipeline().parameters.filename",
											"type": "Expression"
										}
									},
									"PipeLineName": {
										"value": {
											"value": "@pipeline().Pipeline",
											"type": "Expression"
										}
									}
								},
								"queryTimeout": "02:00:00",
								"partitionOption": "None"
							},
							"dataset": {
								"referenceName": "DS_edmsbxsea_asql",
								"type": "DatasetReference"
							},
							"firstRowOnly": false
						}
					},
					{
						"name": "Get Cluster Configuration db",
						"type": "Lookup",
						"dependsOn": [
							{
								"activity": "Pipeline Log Stored Procedure",
								"dependencyConditions": [
									"Succeeded"
								]
							}
						],
						"policy": {
							"timeout": "7.00:00:00",
							"retry": 0,
							"retryIntervalInSeconds": 30,
							"secureOutput": false,
							"secureInput": false
						},
						"userProperties": [],
						"typeProperties": {
							"source": {
								"type": "AzureSqlSource",
								"sqlReaderStoredProcedureName": "[[ETLlog].[uspGetProcessConfiguration]",
								"storedProcedureParameters": {
									"SourceObjectId": {
										"type": "String",
										"value": null
									},
									"SourceID": {
										"type": "String",
										"value": null
									},
									"Type": {
										"type": "String",
										"value": "LandingToRaw"
									},
									"FileName": {
										"type": "String",
										"value": {
											"value": "@pipeline().parameters.filename",
											"type": "Expression"
										}
									}
								},
								"queryTimeout": "02:00:00",
								"partitionOption": "None"
							},
							"dataset": {
								"referenceName": "DS_edmsbxsea_asql",
								"type": "DatasetReference"
							},
							"firstRowOnly": true
						}
					},
					{
						"name": "Insert Master Notebook Activity Log",
						"type": "Lookup",
						"dependsOn": [
							{
								"activity": "Get Cluster Configuration db",
								"dependencyConditions": [
									"Succeeded"
								]
							}
						],
						"policy": {
							"timeout": "7.00:00:00",
							"retry": 0,
							"retryIntervalInSeconds": 30,
							"secureOutput": false,
							"secureInput": false
						},
						"userProperties": [],
						"typeProperties": {
							"source": {
								"type": "AzureSqlSource",
								"sqlReaderStoredProcedureName": "[[ETLlog].[uspInsertPipelineEtlActivityLog]",
								"storedProcedureParameters": {
									"ActivityName": {
										"type": "String",
										"value": "Param Config Parser"
									},
									"ActivityType": {
										"type": "String",
										"value": "Databricks"
									},
									"PipelineLogID": {
										"type": "Int32",
										"value": {
											"value": "@activity('Pipeline Log Stored Procedure').output.value[0].PipelineLogID",
											"type": "Expression"
										}
									},
									"SourceObjectID": {
										"type": "Int32",
										"value": null
									}
								},
								"queryTimeout": "02:00:00",
								"partitionOption": "None"
							},
							"dataset": {
								"referenceName": "DS_edmsbxsea_asql",
								"type": "DatasetReference"
							}
						}
					},
					{
						"name": "Master Notebook",
						"type": "DatabricksNotebook",
						"dependsOn": [
							{
								"activity": "Look Up Control File",
								"dependencyConditions": [
									"Succeeded"
								]
							}
						],
						"policy": {
							"timeout": "7.00:00:00",
							"retry": 10,
							"retryIntervalInSeconds": 30,
							"secureOutput": false,
							"secureInput": false
						},
						"userProperties": [],
						"typeProperties": {
							"notebookPath": "/Users/v-vjangid@microsoft.com/SCB_Batch_Ingestion_Framework/Master_Notebook_Refactored",
							"baseParameters": {
								"source_file_metadata": {
									"value": "@string(activity('Look Up Control File').output.value)",
									"type": "Expression"
								},
								"adls_account_name": "edmsbxseadlk",
								"config_path": "scb_env_config.json",
								"kv_name": "shared-sbx-sea-keyvault",
								"spn_id": "11209e50-9b0c-4792-b91a-40abce862e39",
								"tenant_id": "502f8483-2aef-4fcc-b127-93bc1263aac0",
								"spn_password": "_o_kU5-MEMVC~Q~AO9dH4Wr2E5-ujcjC6d"
							},
							"libraries": [
								{
									"maven": {
										"coordinates": "com.databricks:spark-xml_2.12:0.12.0"
									}
								},
								{
									"maven": {
										"coordinates": "com.ibm.informix:odbc:4.10.10"
									}
								},
								{
									"pypi": {
										"package": "pyodbc"
									}
								},
								{
									"maven": {
										"coordinates": "com.github.gslowikowski:spark-xml-extensions:1.0.0"
									}
								},
								{
									"maven": {
										"coordinates": "com.microsoft.azure:spark-mssql-connector:1.0.1"
									}
								},
								{
									"maven": {
										"coordinates": "com.microsoft.azure:spark-mssql-connector_2.12_3.0:1.0.0-alpha"
									}
								},
								{
									"jar": "dbfs:/FileStore/jars/9abdff4f_2dd5_46aa_ae90_08f1ab02ca9f-spark_core_2_11_1_5_2_logging-d50fe.jar"
								},
								{
									"maven": {
										"coordinates": "com.microsoft.azure:azure-eventhubs-spark_2.12:2.3.18"
									}
								},
								{
									"whl": "dbfs:/FileStore/jars/26b994dd_d1c7_4583_a229_3c896608e1e6/edm-_Build.BuildNumber_-py3-none-any.whl"
								},
								{
									"jar": "dbfs:/pepsparkDBR_3.0.1_7.2.0.17.RC_pty.jar"
								},
								{
									"jar": "dbfs:/pephiveDBR_2.3.7_7.2.0.17.RC_pty.jar"
								},
								{
									"pypi": {
										"package": "azure-identity==1.2.0"
									}
								},
								{
									"pypi": {
										"package": "azure-keyvault==1.1.0"
									}
								},
								{
									"pypi": {
										"package": "azure-keyvault-secrets==4.0.1"
									}
								},
								{
									"pypi": {
										"package": "dotted"
									}
								},
								{
									"pypi": {
										"package": "opencensus-ext-azure==1.0.2"
									}
								},
								{
									"pypi": {
										"package": "xmltodict==0.12.0"
									}
								}
							]
						},
						"linkedServiceName": {
							"referenceName": "LS_EDMP_Adbk_BatchIngestion_ExistingInstancePool",
							"type": "LinkedServiceReference",
							"parameters": {
								"InstancePoolId": {
									"value": "@activity('Get Cluster Configuration db').output.firstRow.InstancePoolId",
									"type": "Expression"
								},
								"ClusterVersion": {
									"value": "@activity('Get Cluster Configuration db').output.firstRow.ClusterVersion",
									"type": "Expression"
								},
								"WorkerOptions": {
									"value": "@activity('Get Cluster Configuration db').output.firstRow.WorkerNode",
									"type": "Expression"
								},
								"ProjectCode": {
									"value": "@activity('Get Cluster Configuration db').output.firstRow.ProjectCode",
									"type": "Expression"
								}
							}
						}
					},
					{
						"name": "Insert Activity Error log",
						"type": "SqlServerStoredProcedure",
						"dependsOn": [
							{
								"activity": "Master Notebook",
								"dependencyConditions": [
									"Failed"
								]
							}
						],
						"policy": {
							"timeout": "7.00:00:00",
							"retry": 0,
							"retryIntervalInSeconds": 30,
							"secureOutput": false,
							"secureInput": false
						},
						"userProperties": [],
						"typeProperties": {
							"storedProcedureName": "[[ETLlog].[uspInsertPipelineActivityErrorLog]",
							"storedProcedureParameters": {
								"ErrorMessage": {
									"value": "Databricks activity error",
									"type": "String"
								},
								"IsLandingToRawProcessed": {
									"value": "False",
									"type": "Boolean"
								},
								"IsRawtoStandardisedProcessed": {
									"value": "False",
									"type": "Boolean"
								},
								"PipelineActivityLogID": {
									"value": {
										"value": "@activity('Insert Master Notebook Activity Log').output.firstRow.PipelineActivityLogID",
										"type": "Expression"
									},
									"type": "Int32"
								},
								"PipelineLogID": {
									"value": {
										"value": "@activity('Pipeline Log Stored Procedure').output.value[0].PipelineLogID",
										"type": "Expression"
									},
									"type": "Int32"
								},
								"SoucreFileProcessLogID": {
									"value": {
										"value": "@activity('Pipeline Log Stored Procedure').output.value[0].SourceFileProcessLogID",
										"type": "Expression"
									},
									"type": "Int32"
								}
							}
						},
						"linkedServiceName": {
							"referenceName": "LS_edmsbxsea_asql",
							"type": "LinkedServiceReference"
						}
					},
					{
						"name": "Update Activity Log",
						"type": "SqlServerStoredProcedure",
						"dependsOn": [
							{
								"activity": "Master Notebook",
								"dependencyConditions": [
									"Succeeded"
								]
							}
						],
						"policy": {
							"timeout": "7.00:00:00",
							"retry": 0,
							"retryIntervalInSeconds": 30,
							"secureOutput": false,
							"secureInput": false
						},
						"userProperties": [],
						"typeProperties": {
							"storedProcedureName": "[[ETLlog].[uspUpdatePipelineEtlActivityLog]",
							"storedProcedureParameters": {
								"ActivityStatus": {
									"value": "Success",
									"type": "String"
								},
								"PipelineActivityLogID": {
									"value": {
										"value": "@activity('Insert Master Notebook Activity Log').output.firstRow.PipelineActivityLogID",
										"type": "Expression"
									},
									"type": "Int32"
								}
							}
						},
						"linkedServiceName": {
							"referenceName": "LS_edmsbxsea_asql",
							"type": "LinkedServiceReference"
						}
					},
					{
						"name": "Look Up Control File",
						"type": "Lookup",
						"dependsOn": [
							{
								"activity": "Insert Master Notebook Activity Log",
								"dependencyConditions": [
									"Succeeded"
								]
							}
						],
						"policy": {
							"timeout": "7.00:00:00",
							"retry": 0,
							"retryIntervalInSeconds": 30,
							"secureOutput": false,
							"secureInput": false
						},
						"userProperties": [],
						"typeProperties": {
							"source": {
								"type": "DelimitedTextSource",
								"storeSettings": {
									"type": "AzureBlobStorageReadSettings",
									"recursive": true,
									"enablePartitionDiscovery": false
								},
								"formatSettings": {
									"type": "DelimitedTextReadSettings"
								}
							},
							"dataset": {
								"referenceName": "DS_edmsbxsea_ablb_intermediate",
								"type": "DatasetReference",
								"parameters": {
									"FolderName": {
										"value": "@pipeline().parameters.filepath",
										"type": "Expression"
									},
									"FileName": {
										"value": "@pipeline().parameters.filename",
										"type": "Expression"
									}
								}
							},
							"firstRowOnly": false
						}
					}
				],
				"parameters": {
					"filename": {
						"type": "string",
						"defaultValue": "consumption_input_20210707T141119.csv"
					},
					"filepath": {
						"type": "string",
						"defaultValue": "consumption"
					}
				},
				"folder": {
					"name": "Batch Ingestion"
				},
				"annotations": []
			},
			"dependsOn": [
				"[concat(variables('factoryId'), '/datasets/DS_edmsbxsea_ablb_intermediate')]"
			]
		},
		{
			"name": "[concat(parameters('factoryName'), '/PL_EDM_BatchIngestion_ProcessLandingFiles')]",
			"type": "Microsoft.DataFactory/factories/pipelines",
			"apiVersion": "2018-06-01",
			"properties": {
				"description": "Pipeline to process source files from landing zone, get their metadata and store in a separate csv file.",
				"activities": [
					{
						"name": "Process Landing Files",
						"description": "Process Landing files and create an entry in SQL DB ",
						"type": "Lookup",
						"dependsOn": [],
						"policy": {
							"timeout": "7.00:00:00",
							"retry": 0,
							"retryIntervalInSeconds": 30,
							"secureOutput": false,
							"secureInput": false
						},
						"userProperties": [],
						"typeProperties": {
							"source": {
								"type": "AzureSqlSource",
								"sqlReaderStoredProcedureName": "[[ETLlog].[uspInsertPipelineLog]",
								"storedProcedureParameters": {
									"FileName": {
										"type": "String",
										"value": {
											"value": "@pipeline().parameters.FileName",
											"type": "Expression"
										}
									},
									"FilePath": {
										"type": "String",
										"value": {
											"value": "@pipeline().parameters.FilePath",
											"type": "Expression"
										}
									},
									"LoadType": {
										"type": "String",
										"value": "PROCESSSOURCEFILE"
									},
									"ObjectLoadStartDateTime": {
										"type": "DateTime",
										"value": {
											"value": "@formatDateTime(utcnow(), 'dd-MMM-yyyy HH:mm:ss')",
											"type": "Expression"
										}
									},
									"ParentPipelineLogID": {
										"type": "Int32",
										"value": null
									},
									"PipeLineName": {
										"type": "String",
										"value": {
											"value": "@pipeline().Pipeline",
											"type": "Expression"
										}
									},
									"PipelineRunID": {
										"type": "Guid",
										"value": {
											"value": "@pipeline().RunId",
											"type": "Expression"
										}
									},
									"SourceFileStatus": {
										"type": "String",
										"value": "Not Processed"
									},
									"SourceObjectID": {
										"type": "Int32",
										"value": null
									}
								},
								"queryTimeout": "02:00:00",
								"partitionOption": "None"
							},
							"dataset": {
								"referenceName": "DS_edmsbxsea_asql",
								"type": "DatasetReference"
							},
							"firstRowOnly": false
						}
					}
				],
				"parameters": {
					"FilePath": {
						"type": "string"
					},
					"FileName": {
						"type": "string"
					}
				},
				"folder": {
					"name": "Batch Ingestion"
				},
				"annotations": []
			},
			"dependsOn": []
		},
		{
			"name": "[concat(parameters('factoryName'), '/DS_edmsbxsea_ablb_intermediate')]",
			"type": "Microsoft.DataFactory/factories/datasets",
			"apiVersion": "2018-06-01",
			"properties": {
				"linkedServiceName": {
					"referenceName": "LS_edmsbxsea_ablb",
					"type": "LinkedServiceReference"
				},
				"parameters": {
					"FolderName": {
						"type": "string"
					},
					"FileName": {
						"type": "string"
					}
				},
				"annotations": [],
				"type": "DelimitedText",
				"typeProperties": {
					"location": {
						"type": "AzureBlobStorageLocation",
						"fileName": {
							"value": "@dataset().FileName",
							"type": "Expression"
						},
						"folderPath": {
							"value": "@dataset().FolderName",
							"type": "Expression"
						},
						"container": "intermediate"
					},
					"columnDelimiter": ",",
					"escapeChar": "\\",
					"firstRowAsHeader": true,
					"quoteChar": "\""
				},
				"schema": []
			},
			"dependsOn": []
		},
		{
			"name": "[concat(parameters('factoryName'), '/DS_edmsbxsea_ablb_sf_Input')]",
			"type": "Microsoft.DataFactory/factories/datasets",
			"apiVersion": "2018-06-01",
			"properties": {
				"linkedServiceName": {
					"referenceName": "LS_edmsbxsea_ablb",
					"type": "LinkedServiceReference"
				},
				"annotations": [],
				"type": "DelimitedText",
				"typeProperties": {
					"location": {
						"type": "AzureBlobStorageLocation",
						"folderPath": "data",
						"container": "incoming"
					},
					"columnDelimiter": ",",
					"escapeChar": "\\",
					"quoteChar": "\""
				},
				"schema": []
			},
			"dependsOn": []
		},
		{
			"name": "[concat(parameters('factoryName'), '/LS_edmsbxsea_adbk')]",
			"type": "Microsoft.DataFactory/factories/linkedServices",
			"apiVersion": "2018-06-01",
			"properties": {
				"annotations": [],
				"type": "AzureDatabricks",
				"typeProperties": {
					"domain": "https://adb-8045677374177174.14.azuredatabricks.net",
					"authentication": "MSI",
					"workspaceResourceId": "/subscriptions/e87cf38c-8f6f-4cb2-a8ec-886a94bc28d5/resourceGroups/edm-sbx-sea-rg/providers/Microsoft.Databricks/workspaces/edm-sbx-sea-adbk",
					"existingClusterId": "0520-093019-coop92"
				}
			},
			"dependsOn": []
		},
		{
			"name": "[concat(parameters('factoryName'), '/TR_Generate_Control_File')]",
			"type": "Microsoft.DataFactory/factories/triggers",
			"apiVersion": "2018-06-01",
			"properties": {
				"description": "Trigger to read source file information from meta store and generate control file for further processing.",
				"annotations": [],
				"runtimeState": "Started",
				"pipeline": {
					"pipelineReference": {
						"referenceName": "PL_EDM_BatchIngestion_GenerateControlFile",
						"type": "PipelineReference"
					}
				},
				"type": "TumblingWindowTrigger",
				"typeProperties": {
					"frequency": "Minute",
					"interval": 5,
					"startTime": "2021-07-12T11:52:00Z",
					"delay": "00:00:00",
					"maxConcurrency": 50,
					"retryPolicy": {
						"intervalInSeconds": 30
					},
					"dependsOn": [
						{
							"type": "SelfDependencyTumblingWindowTriggerReference",
							"offset": "-0.00:05:00"
						}
					]
				}
			},
			"dependsOn": [
				"[concat(variables('factoryId'), '/pipelines/PL_EDM_BatchIngestion_GenerateControlFile')]"
			]
		},
		{
			"name": "[concat(parameters('factoryName'), '/TR_Landing_Raw')]",
			"type": "Microsoft.DataFactory/factories/triggers",
			"apiVersion": "2018-06-01",
			"properties": {
				"description": "Trigger to initiate landing to raw processing based on control file",
				"annotations": [],
				"runtimeState": "Started",
				"pipelines": [
					{
						"pipelineReference": {
							"referenceName": "PL_EDM_BatchIngestion_LandingtoRaw",
							"type": "PipelineReference"
						},
						"parameters": {
							"filename": "@triggerBody().fileName",
							"filepath": "@triggerBody().folderPath"
						}
					}
				],
				"type": "BlobEventsTrigger",
				"typeProperties": {
					"blobPathBeginsWith": "/intermediate/blobs/",
					"ignoreEmptyBlobs": false,
					"scope": "/subscriptions/e87cf38c-8f6f-4cb2-a8ec-886a94bc28d5/resourceGroups/edm-sbx-sea-rg/providers/Microsoft.Storage/storageAccounts/edmsbxsealandsa",
					"events": [
						"Microsoft.Storage.BlobCreated"
					]
				}
			},
			"dependsOn": [
				"[concat(variables('factoryId'), '/pipelines/PL_EDM_BatchIngestion_LandingtoRaw')]"
			]
		},
		{
			"name": "[concat(parameters('factoryName'), '/TR_Process_Landing_Files')]",
			"type": "Microsoft.DataFactory/factories/triggers",
			"apiVersion": "2018-06-01",
			"properties": {
				"description": "Trigger to read landing files as and when they arrive in the storage",
				"annotations": [],
				"runtimeState": "Started",
				"pipelines": [
					{
						"pipelineReference": {
							"referenceName": "PL_EDM_BatchIngestion_ProcessLandingFiles",
							"type": "PipelineReference"
						},
						"parameters": {
							"FilePath": "@triggerBody().folderPath",
							"FileName": "@triggerBody().fileName"
						}
					}
				],
				"type": "BlobEventsTrigger",
				"typeProperties": {
					"blobPathBeginsWith": "/incoming/blobs/data",
					"ignoreEmptyBlobs": false,
					"scope": "/subscriptions/e87cf38c-8f6f-4cb2-a8ec-886a94bc28d5/resourceGroups/edm-sbx-sea-rg/providers/Microsoft.Storage/storageAccounts/edmsbxsealandsa",
					"events": [
						"Microsoft.Storage.BlobCreated"
					]
				}
			},
			"dependsOn": [
				"[concat(variables('factoryId'), '/pipelines/PL_EDM_BatchIngestion_ProcessLandingFiles')]"
			]
		}
	]
}