{
	"$schema": "http://schema.management.azure.com/schemas/2015-01-01/deploymentTemplate.json#",
	"contentVersion": "1.0.0.0",
	"parameters": {
		"factoryName": {
			"type": "string",
			"metadata": "Data Factory name",
			"defaultValue": "edm-sbx-sea-adf"
		}
	},
	"variables": {
		"factoryId": "[concat('Microsoft.DataFactory/factories/', parameters('factoryName'))]"
	},
	"resources": [
		{
			"name": "[concat(parameters('factoryName'), '/PL_EDM_Realtime_Schema_Parser')]",
			"type": "Microsoft.DataFactory/factories/pipelines",
			"apiVersion": "2018-06-01",
			"properties": {
				"description": "This pipeline gets invoked when a schema file is dropped in the ADLS schema folder and is used to parse the schema file and register it into the ADLS schema resgistry",
				"activities": [
					{
						"name": "Lookup Config File",
						"description": "This activity is used to read the config file from ADLS",
						"type": "Lookup",
						"dependsOn": [],
						"policy": {
							"timeout": "7.00:00:00",
							"retry": 0,
							"retryIntervalInSeconds": 30,
							"secureOutput": false,
							"secureInput": false
						},
						"userProperties": [],
						"typeProperties": {
							"source": {
								"type": "JsonSource",
								"storeSettings": {
									"type": "AzureBlobFSReadSettings",
									"recursive": true,
									"enablePartitionDiscovery": false
								},
								"formatSettings": {
									"type": "JsonReadSettings"
								}
							},
							"dataset": {
								"referenceName": "DS_EDM_Adls_EnvConfig",
								"type": "DatasetReference",
								"parameters": {
									"FileSystem": {
										"value": "@pipeline().parameters.ConfigFileSystem",
										"type": "Expression"
									},
									"ConfigFileName": {
										"value": "@pipeline().parameters.ConfigFileName",
										"type": "Expression"
									}
								}
							},
							"firstRowOnly": false
						}
					},
					{
						"name": "Set SPN ID",
						"type": "SetVariable",
						"dependsOn": [
							{
								"activity": "Lookup Config File",
								"dependencyConditions": [
									"Succeeded"
								]
							}
						],
						"userProperties": [],
						"typeProperties": {
							"variableName": "spn_id",
							"value": {
								"value": "@activity('Lookup Config File').output.value[0]['spn_credentials']['spn_id']",
								"type": "Expression"
							}
						}
					},
					{
						"name": "Set Tenant ID",
						"type": "SetVariable",
						"dependsOn": [
							{
								"activity": "Lookup Config File",
								"dependencyConditions": [
									"Succeeded"
								]
							}
						],
						"userProperties": [],
						"typeProperties": {
							"variableName": "tenant_id",
							"value": {
								"value": "@activity('Lookup Config File').output.value[0]['tenant_id']",
								"type": "Expression"
							}
						}
					},
					{
						"name": "Set Keyvault name",
						"type": "SetVariable",
						"dependsOn": [
							{
								"activity": "Lookup Config File",
								"dependencyConditions": [
									"Succeeded"
								]
							}
						],
						"userProperties": [],
						"typeProperties": {
							"variableName": "kv_name",
							"value": {
								"value": "@activity('Lookup Config File').output.value[0]['keyvault']['name']",
								"type": "Expression"
							}
						}
					},
					{
						"name": "Set ADLS Account Name",
						"type": "SetVariable",
						"dependsOn": [
							{
								"activity": "Lookup Config File",
								"dependencyConditions": [
									"Succeeded"
								]
							}
						],
						"userProperties": [],
						"typeProperties": {
							"variableName": "adls_account_name",
							"value": {
								"value": "@activity('Lookup Config File').output.value[0]['adls_details']['name']",
								"type": "Expression"
							}
						}
					}
				],
				"parameters": {
					"ConfigFileName": {
						"type": "string",
						"defaultValue": "scb_env_config.json"
					},
					"ConfigFileSystem": {
						"type": "string",
						"defaultValue": "raw"
					},
					"SchemaFilePath": {
						"type": "string"
					},
					"SchemaFileName": {
						"type": "string"
					}
				},
				"variables": {
					"spn_id": {
						"type": "String"
					},
					"tenant_id": {
						"type": "String"
					},
					"kv_name": {
						"type": "String"
					},
					"adls_account_name": {
						"type": "String"
					}
				},
				"folder": {
					"name": "Real Time Ingestion"
				},
				"annotations": []
			},
			"dependsOn": []
		}
	]
}