{
	"$schema": "http://schema.management.azure.com/schemas/2015-01-01/deploymentTemplate.json#",
	"contentVersion": "1.0.0.0",
	"parameters": {
		"factoryName": {
			"type": "string",
			"metadata": "Data Factory name",
			"defaultValue": "edm-sbx-sea-adf"
		}
	},
	"variables": {
		"factoryId": "[concat('Microsoft.DataFactory/factories/', parameters('factoryName'))]"
	},
	"resources": [
		{
			"name": "[concat(parameters('factoryName'), '/PL_edmsbxsea_LandingtoRaw')]",
			"type": "Microsoft.DataFactory/factories/pipelines",
			"apiVersion": "2018-06-01",
			"properties": {
				"activities": [
					{
						"name": "Landing Files Processing",
						"type": "DatabricksNotebook",
						"dependsOn": [
							{
								"activity": "Insert Activity Log",
								"dependencyConditions": [
									"Succeeded"
								]
							}
						],
						"policy": {
							"timeout": "7.00:00:00",
							"retry": 0,
							"retryIntervalInSeconds": 30,
							"secureOutput": false,
							"secureInput": false
						},
						"userProperties": [],
						"typeProperties": {
							"notebookPath": "/Users/v-vjangid@microsoft.com/SCB_Batch_Ingestion_Framework/LandingToRawProcessing",
							"baseParameters": {
								"Filename": {
									"value": "@pipeline().parameters.filename",
									"type": "Expression"
								},
								"Source": {
									"value": "@split(pipeline().parameters.filepath, '/')[2]",
									"type": "Expression"
								},
								"Country": {
									"value": "@split(pipeline().parameters.filepath, '/')[3]",
									"type": "Expression"
								},
								"PipelineLogID": {
									"value": "@string(activity('Pipeline Log Stored Procedure').output.value[0].PipelineLogID)",
									"type": "Expression"
								}
							}
						},
						"linkedServiceName": {
							"referenceName": "LS_edmsbxsea_adbk",
							"type": "LinkedServiceReference"
						}
					},
					{
						"name": "Conditional Validation",
						"type": "IfCondition",
						"dependsOn": [
							{
								"activity": "Update Activity log",
								"dependencyConditions": [
									"Succeeded"
								]
							}
						],
						"userProperties": [],
						"typeProperties": {
							"expression": {
								"value": "@and(equals(activity('Landing Files Processing').output.runOutput.sourceCount, 0), equals(activity('Landing Files Processing').output.runOutput.controlFile, 'true'))",
								"type": "Expression"
							},
							"ifFalseActivities": [
								{
									"name": "DeleteFilesLanding",
									"type": "Delete",
									"dependsOn": [],
									"policy": {
										"timeout": "7.00:00:00",
										"retry": 0,
										"retryIntervalInSeconds": 30,
										"secureOutput": false,
										"secureInput": false
									},
									"userProperties": [],
									"typeProperties": {
										"dataset": {
											"referenceName": "DS_edmsbxsea_ablb_lr_Input",
											"type": "DatasetReference",
											"parameters": {
												"fileName": {
													"value": "@pipeline().parameters.filename",
													"type": "Expression"
												},
												"source": {
													"value": "@split(pipeline().parameters.filepath, '/')[2]",
													"type": "Expression"
												},
												"countryCode": {
													"value": "@split(pipeline().parameters.filepath, '/')[3]",
													"type": "Expression"
												}
											}
										},
										"enableLogging": false,
										"storeSettings": {
											"type": "AzureBlobStorageReadSettings",
											"recursive": true,
											"enablePartitionDiscovery": false
										}
									}
								}
							],
							"ifTrueActivities": [
								{
									"name": "Move Control Files to Raw",
									"type": "Copy",
									"dependsOn": [
										{
											"activity": "Insert Activity Log_X",
											"dependencyConditions": [
												"Succeeded"
											]
										}
									],
									"policy": {
										"timeout": "7.00:00:00",
										"retry": 0,
										"retryIntervalInSeconds": 30,
										"secureOutput": false,
										"secureInput": false
									},
									"userProperties": [],
									"typeProperties": {
										"source": {
											"type": "DelimitedTextSource",
											"storeSettings": {
												"type": "AzureBlobStorageReadSettings",
												"recursive": true,
												"enablePartitionDiscovery": false
											},
											"formatSettings": {
												"type": "DelimitedTextReadSettings"
											}
										},
										"sink": {
											"type": "DelimitedTextSink",
											"storeSettings": {
												"type": "AzureBlobFSWriteSettings"
											},
											"formatSettings": {
												"type": "DelimitedTextWriteSettings",
												"quoteAllText": true,
												"fileExtension": ".txt"
											}
										},
										"enableStaging": false,
										"translator": {
											"type": "TabularTranslator",
											"typeConversion": true,
											"typeConversionSettings": {
												"allowDataTruncation": true,
												"treatBooleanAsNumber": false
											}
										}
									},
									"inputs": [
										{
											"referenceName": "DS_edmsbxsea_ablb_lr_Input",
											"type": "DatasetReference",
											"parameters": {
												"fileName": {
													"value": "@pipeline().parameters.filename",
													"type": "Expression"
												},
												"source": {
													"value": "@split(pipeline().parameters.filepath, '/')[1]",
													"type": "Expression"
												},
												"countryCode": {
													"value": "@split(pipeline().parameters.filepath, '/')[2]",
													"type": "Expression"
												}
											}
										}
									],
									"outputs": [
										{
											"referenceName": "DS_edmbxsea_adls_control",
											"type": "DatasetReference",
											"parameters": {
												"Filename": {
													"value": "@pipeline().parameters.filename",
													"type": "Expression"
												},
												"Source": {
													"value": "@split(pipeline().parameters.filepath, '/')[0]",
													"type": "Expression"
												},
												"Country_Code": {
													"value": "@split(pipeline().parameters.filepath, '/')[1]",
													"type": "Expression"
												}
											}
										}
									]
								},
								{
									"name": "DeleteFiles",
									"type": "Delete",
									"dependsOn": [
										{
											"activity": "Update Activity log_x",
											"dependencyConditions": [
												"Succeeded"
											]
										}
									],
									"policy": {
										"timeout": "7.00:00:00",
										"retry": 0,
										"retryIntervalInSeconds": 30,
										"secureOutput": false,
										"secureInput": false
									},
									"userProperties": [],
									"typeProperties": {
										"dataset": {
											"referenceName": "DS_edmsbxsea_ablb_lr_Input",
											"type": "DatasetReference",
											"parameters": {
												"fileName": {
													"value": "@pipeline().parameters.filename",
													"type": "Expression"
												},
												"source": {
													"value": "@split(pipeline().parameters.filepath, '/')[1]",
													"type": "Expression"
												},
												"countryCode": {
													"value": "@split(pipeline().parameters.filepath, '/')[2]",
													"type": "Expression"
												}
											}
										},
										"enableLogging": false,
										"storeSettings": {
											"type": "AzureBlobStorageReadSettings",
											"recursive": true,
											"enablePartitionDiscovery": false
										}
									}
								},
								{
									"name": "Insert Activity Log_X",
									"type": "SqlServerStoredProcedure",
									"dependsOn": [],
									"policy": {
										"timeout": "7.00:00:00",
										"retry": 0,
										"retryIntervalInSeconds": 30,
										"secureOutput": false,
										"secureInput": false
									},
									"userProperties": [],
									"typeProperties": {
										"storedProcedureName": "[[ETLlog].[uspInsertPipelineEtlActivityLog]",
										"storedProcedureParameters": {
											"SourceObjectID": {
												"value": null,
												"type": "Int64"
											},
											"PipelineLogID": {
												"value": {
													"value": "@activity('Pipeline Log Stored Procedure').output.value[0].PipelineLogID",
													"type": "Expression"
												},
												"type": "Int64"
											},
											"ActivityName": {
												"value": "Move Control Files To Raw",
												"type": "String"
											},
											"ActivityType": {
												"value": "Copy",
												"type": "String"
											}
										}
									},
									"linkedServiceName": {
										"referenceName": "LS_edmsbxsea_asql",
										"type": "LinkedServiceReference"
									}
								},
								{
									"name": "Update Activity log_x",
									"type": "SqlServerStoredProcedure",
									"dependsOn": [
										{
											"activity": "Move Control Files to Raw",
											"dependencyConditions": [
												"Succeeded"
											]
										}
									],
									"policy": {
										"timeout": "7.00:00:00",
										"retry": 0,
										"retryIntervalInSeconds": 30,
										"secureOutput": false,
										"secureInput": false
									},
									"userProperties": [],
									"typeProperties": {
										"storedProcedureName": "[[ETLlog].[uspUpdatePipelineEtlActivityLog]",
										"storedProcedureParameters": {
											"ActivityStatus": {
												"value": "success",
												"type": "String"
											},
											"PipelineActivityLogID": {
												"value": {
													"value": "@activity('Insert Activity Log_X').output.firstRow.PipelineActivityLogID",
													"type": "Expression"
												},
												"type": "Int32"
											}
										}
									},
									"linkedServiceName": {
										"referenceName": "LS_edmsbxsea_asql",
										"type": "LinkedServiceReference"
									}
								},
								{
									"name": "Insert Activity Error log_x",
									"type": "SqlServerStoredProcedure",
									"dependsOn": [
										{
											"activity": "Move Control Files to Raw",
											"dependencyConditions": [
												"Failed"
											]
										}
									],
									"policy": {
										"timeout": "7.00:00:00",
										"retry": 0,
										"retryIntervalInSeconds": 30,
										"secureOutput": false,
										"secureInput": false
									},
									"userProperties": [],
									"typeProperties": {
										"storedProcedureName": "[[ETLlog].[uspInsertPipelineActivityErrorLog]",
										"storedProcedureParameters": {
											"ErrorMessage": {
												"value": "Control File Movement Failed",
												"type": "String"
											},
											"IsLandingToRawProcessed": {
												"value": "False",
												"type": "Boolean"
											},
											"IsRawtoStandardisedProcessed": {
												"value": "False",
												"type": "Boolean"
											},
											"PipelineActivityLogID": {
												"value": {
													"value": "@activity('Insert Activity Log_X').output.firstRow.PipelineActivityLogID",
													"type": "Expression"
												},
												"type": "Int32"
											},
											"PipelineLogID": {
												"value": {
													"value": "@activity('Pipeline Log Stored Procedure').output.value[0].PipelineLogID",
													"type": "Expression"
												},
												"type": "Int32"
											},
											"SoucreFileProcessLogID": {
												"value": {
													"value": "@activity('Pipeline Log Stored Procedure').output.value[0].SourceFileProcessLogID",
													"type": "Expression"
												},
												"type": "Int32"
											}
										}
									},
									"linkedServiceName": {
										"referenceName": "LS_edmsbxsea_asql",
										"type": "LinkedServiceReference"
									}
								}
							]
						}
					},
					{
						"name": "Pipeline Log Stored Procedure",
						"type": "Lookup",
						"dependsOn": [],
						"policy": {
							"timeout": "7.00:00:00",
							"retry": 0,
							"retryIntervalInSeconds": 30,
							"secureOutput": false,
							"secureInput": false
						},
						"userProperties": [],
						"typeProperties": {
							"source": {
								"type": "AzureSqlSource",
								"sqlReaderStoredProcedureName": "[[ETLlog].[uspInsertPipelineLog]",
								"storedProcedureParameters": {
									"ParentPipelineLogID": {
										"value": null
									},
									"SourceObjectID": {
										"value": null
									},
									"PipelineRunID": {
										"value": {
											"value": "@pipeline().RunId",
											"type": "Expression"
										}
									},
									"LoadType": {
										"value": "LandingToRaw"
									},
									"ObjectLoadStartDateTime": {
										"value": {
											"value": "@formatDateTime(utcnow(), 'dd-MMM-yyyy HH:mm:ss')",
											"type": "Expression"
										}
									},
									"FileName": {
										"value": {
											"value": "@pipeline().parameters.filename",
											"type": "Expression"
										}
									},
									"PipeLineName": {
										"value": {
											"value": "@pipeline().Pipeline",
											"type": "Expression"
										}
									}
								},
								"queryTimeout": "02:00:00",
								"partitionOption": "None"
							},
							"dataset": {
								"referenceName": "DS_edmsbxsea_asql",
								"type": "DatasetReference"
							},
							"firstRowOnly": false
						}
					},
					{
						"name": "Update Activity log",
						"type": "SqlServerStoredProcedure",
						"dependsOn": [
							{
								"activity": "Landing Files Processing",
								"dependencyConditions": [
									"Succeeded"
								]
							}
						],
						"policy": {
							"timeout": "7.00:00:00",
							"retry": 0,
							"retryIntervalInSeconds": 30,
							"secureOutput": false,
							"secureInput": false
						},
						"userProperties": [],
						"typeProperties": {
							"storedProcedureName": "[[ETLlog].[uspUpdatePipelineEtlActivityLog]",
							"storedProcedureParameters": {
								"PipelineActivityLogID": {
									"value": {
										"value": "@activity('Insert Activity Log').output.firstRow.PipelineActivityLogID",
										"type": "Expression"
									},
									"type": "Int64"
								},
								"ActivityStatus": {
									"value": "Success",
									"type": "String"
								}
							}
						},
						"linkedServiceName": {
							"referenceName": "LS_edmsbxsea_asql",
							"type": "LinkedServiceReference"
						}
					},
					{
						"name": "Insert Activity Error log",
						"type": "SqlServerStoredProcedure",
						"dependsOn": [
							{
								"activity": "Landing Files Processing",
								"dependencyConditions": [
									"Failed"
								]
							}
						],
						"policy": {
							"timeout": "7.00:00:00",
							"retry": 0,
							"retryIntervalInSeconds": 30,
							"secureOutput": false,
							"secureInput": false
						},
						"userProperties": [],
						"typeProperties": {
							"storedProcedureName": "[[ETLlog].[uspInsertPipelineActivityErrorLog]",
							"storedProcedureParameters": {
								"ErrorMessage": {
									"value": "Landing to Raw Failed",
									"type": "String"
								},
								"IsLandingToRawProcessed": {
									"value": "False",
									"type": "Boolean"
								},
								"IsRawtoStandardisedProcessed": {
									"value": "False",
									"type": "Boolean"
								},
								"PipelineActivityLogID": {
									"value": {
										"value": "@activity('Insert Activity Log').output.firstRow.PipelineActivityLogID",
										"type": "Expression"
									},
									"type": "Int32"
								},
								"PipelineLogID": {
									"value": {
										"value": "@activity('Pipeline Log Stored Procedure').output.value[0].PipelineLogID",
										"type": "Expression"
									},
									"type": "Int32"
								},
								"SoucreFileProcessLogID": {
									"value": {
										"value": "@activity('Pipeline Log Stored Procedure').output.value[0].SourceFileProcessLogID",
										"type": "Expression"
									},
									"type": "Int32"
								}
							}
						},
						"linkedServiceName": {
							"referenceName": "LS_edmsbxsea_asql",
							"type": "LinkedServiceReference"
						}
					},
					{
						"name": "Update Pipeline Log",
						"type": "SqlServerStoredProcedure",
						"dependsOn": [
							{
								"activity": "Conditional Validation",
								"dependencyConditions": [
									"Succeeded"
								]
							}
						],
						"policy": {
							"timeout": "7.00:00:00",
							"retry": 0,
							"retryIntervalInSeconds": 30,
							"secureOutput": false,
							"secureInput": false
						},
						"userProperties": [],
						"typeProperties": {
							"storedProcedureName": "[[ETLlog].[uspUpdatePipelineLog]",
							"storedProcedureParameters": {
								"PipelineLogID": {
									"value": {
										"value": "@activity('Pipeline Log Stored Procedure').output.value[0].PipelineLogID",
										"type": "Expression"
									},
									"type": "Int64"
								},
								"SourceFileProcessLogID": {
									"value": {
										"value": "@activity('Landing Files Processing').output.runOutput.SourceFileProcessLogID",
										"type": "Expression"
									},
									"type": "Int64"
								},
								"SourceCount": {
									"value": {
										"value": "@activity('Landing Files Processing').output.runOutput.sourceCount",
										"type": "Expression"
									},
									"type": "Int64"
								},
								"TargetCount": {
									"value": null,
									"type": "Int64"
								},
								"ErrorCount": {
									"value": null,
									"type": "Int64"
								},
								"IsLandingToRawProcessed": {
									"value": "1",
									"type": "Single"
								},
								"IsRawtoStandardisedProcessed": {
									"value": "0",
									"type": "Single"
								},
								"PipelineStatus": {
									"value": "Succeeded",
									"type": "String"
								},
								"SourceObjectId": {
									"value": {
										"value": "@activity('Landing Files Processing').output.runOutput.SourceObjectID",
										"type": "Expression"
									},
									"type": "Int64"
								},
								"SourceId": {
									"value": {
										"value": "@activity('Landing Files Processing').output.runOutput.SourceID",
										"type": "Expression"
									},
									"type": "Int64"
								}
							}
						},
						"linkedServiceName": {
							"referenceName": "LS_edmsbxsea_asql",
							"type": "LinkedServiceReference"
						}
					},
					{
						"name": "Param Config Parser",
						"type": "DatabricksNotebook",
						"dependsOn": [
							{
								"activity": "Insert Config Parser Activity Log",
								"dependencyConditions": [
									"Succeeded"
								]
							}
						],
						"policy": {
							"timeout": "7.00:00:00",
							"retry": 0,
							"retryIntervalInSeconds": 30,
							"secureOutput": false,
							"secureInput": false
						},
						"userProperties": [],
						"typeProperties": {
							"notebookPath": "/Shared/Parse_Config_Params",
							"baseParameters": {
								"FileName": {
									"value": "@pipeline().parameters.filename",
									"type": "Expression"
								},
								"Source": {
									"value": "@split(pipeline().parameters.filepath, '/')[2]",
									"type": "Expression"
								},
								"Country": {
									"value": "@split(pipeline().parameters.filepath, '/')[3]",
									"type": "Expression"
								}
							}
						},
						"linkedServiceName": {
							"referenceName": "LS_edmsbxsea_adbk_public",
							"type": "LinkedServiceReference"
						}
					},
					{
						"name": "Update Config Parser Activity Log",
						"type": "SqlServerStoredProcedure",
						"dependsOn": [
							{
								"activity": "Param Config Parser",
								"dependencyConditions": [
									"Succeeded"
								]
							}
						],
						"policy": {
							"timeout": "7.00:00:00",
							"retry": 0,
							"retryIntervalInSeconds": 30,
							"secureOutput": false,
							"secureInput": false
						},
						"userProperties": [],
						"typeProperties": {
							"storedProcedureName": "[[ETLlog].[uspUpdatePipelineEtlActivityLog]",
							"storedProcedureParameters": {
								"ActivityStatus": {
									"value": "Success",
									"type": "String"
								},
								"PipelineActivityLogID": {
									"value": {
										"value": "@activity('Insert Config Parser Activity Log').output.firstRow.PipelineActivityLogID",
										"type": "Expression"
									},
									"type": "Int32"
								}
							}
						},
						"linkedServiceName": {
							"referenceName": "LS_edmsbxsea_asql",
							"type": "LinkedServiceReference"
						}
					},
					{
						"name": "Insert Config Parser Activity Log",
						"type": "Lookup",
						"dependsOn": [
							{
								"activity": "Pipeline Log Stored Procedure",
								"dependencyConditions": [
									"Succeeded"
								]
							}
						],
						"policy": {
							"timeout": "7.00:00:00",
							"retry": 0,
							"retryIntervalInSeconds": 30,
							"secureOutput": false,
							"secureInput": false
						},
						"userProperties": [],
						"typeProperties": {
							"source": {
								"type": "AzureSqlSource",
								"sqlReaderStoredProcedureName": "[[ETLlog].[uspInsertPipelineEtlActivityLog]",
								"storedProcedureParameters": {
									"ActivityName": {
										"type": "String",
										"value": "Param Config Parser"
									},
									"ActivityType": {
										"type": "String",
										"value": "Databricks"
									},
									"PipelineLogID": {
										"type": "Int32",
										"value": {
											"value": "@activity('Pipeline Log Stored Procedure').output.value[0].PipelineLogID",
											"type": "Expression"
										}
									},
									"SourceObjectID": {
										"type": "Int32",
										"value": null
									}
								},
								"queryTimeout": "02:00:00",
								"partitionOption": "None"
							},
							"dataset": {
								"referenceName": "DS_edmsbxsea_asql",
								"type": "DatasetReference"
							}
						}
					},
					{
						"name": "Insert Parser Activity Error Log",
						"type": "SqlServerStoredProcedure",
						"dependsOn": [
							{
								"activity": "Param Config Parser",
								"dependencyConditions": [
									"Failed"
								]
							}
						],
						"policy": {
							"timeout": "7.00:00:00",
							"retry": 0,
							"retryIntervalInSeconds": 30,
							"secureOutput": false,
							"secureInput": false
						},
						"userProperties": [],
						"typeProperties": {
							"storedProcedureName": "[[ETLlog].[uspInsertPipelineActivityErrorLog]",
							"storedProcedureParameters": {
								"ErrorMessage": {
									"value": "Param Config Parser Failed",
									"type": "String"
								},
								"IsLandingToRawProcessed": {
									"value": "False",
									"type": "Boolean"
								},
								"IsRawtoStandardisedProcessed": {
									"value": "False",
									"type": "Boolean"
								},
								"PipelineActivityLogID": {
									"value": {
										"value": "@activity('Insert Config Parser Activity Log').output.firstRow.PipelineActivityLogID",
										"type": "Expression"
									},
									"type": "Int32"
								},
								"PipelineLogID": {
									"value": {
										"value": "@activity('Pipeline Log Stored Procedure').output.value[0].PipelineLogID",
										"type": "Expression"
									},
									"type": "Int32"
								},
								"SoucreFileProcessLogID": {
									"value": {
										"value": "@activity('Pipeline Log Stored Procedure').output.value[0].SourceFileProcessLogID",
										"type": "Expression"
									},
									"type": "Int32"
								}
							}
						},
						"linkedServiceName": {
							"referenceName": "LS_edmsbxsea_asql",
							"type": "LinkedServiceReference"
						}
					},
					{
						"name": "Insert Activity Log",
						"type": "Lookup",
						"dependsOn": [
							{
								"activity": "Update Config Parser Activity Log",
								"dependencyConditions": [
									"Succeeded"
								]
							}
						],
						"policy": {
							"timeout": "7.00:00:00",
							"retry": 0,
							"retryIntervalInSeconds": 30,
							"secureOutput": false,
							"secureInput": false
						},
						"userProperties": [],
						"typeProperties": {
							"source": {
								"type": "AzureSqlSource",
								"sqlReaderStoredProcedureName": "[[ETLlog].[uspInsertPipelineEtlActivityLog]",
								"storedProcedureParameters": {
									"ActivityName": {
										"type": "String",
										"value": "Landing Files Processing"
									},
									"ActivityType": {
										"type": "String",
										"value": "Databricks"
									},
									"PipelineLogID": {
										"type": "Int32",
										"value": {
											"value": "@activity('Pipeline Log Stored Procedure').output.value[0].PipelineLogID",
											"type": "Expression"
										}
									},
									"SourceObjectID": {
										"type": "Int32",
										"value": null
									}
								},
								"queryTimeout": "02:00:00",
								"partitionOption": "None"
							},
							"dataset": {
								"referenceName": "DS_edmsbxsea_asql",
								"type": "DatasetReference"
							}
						}
					}
				],
				"parameters": {
					"filename": {
						"type": "string"
					},
					"filepath": {
						"type": "string"
					}
				},
				"folder": {
					"name": "Batch Ingestion"
				},
				"annotations": []
			},
			"dependsOn": []
		}
	]
}