{
	"$schema": "http://schema.management.azure.com/schemas/2015-01-01/deploymentTemplate.json#",
	"contentVersion": "1.0.0.0",
	"parameters": {
		"factoryName": {
			"type": "string",
			"metadata": "Data Factory name",
			"defaultValue": "edm-sbx-sea-adf"
		}
	},
	"variables": {
		"factoryId": "[concat('Microsoft.DataFactory/factories/', parameters('factoryName'))]"
	},
	"resources": [
		{
			"name": "[concat(parameters('factoryName'), '/TR_Generate_Control_File')]",
			"type": "Microsoft.DataFactory/factories/triggers",
			"apiVersion": "2018-06-01",
			"properties": {
				"description": "Trigger to read source file information from meta store and generate control file for further processing.",
				"annotations": [],
				"runtimeState": "Started",
				"pipeline": {
					"pipelineReference": {
						"referenceName": "PL_EDM_BatchIngestion_GenerateControlFile",
						"type": "PipelineReference"
					}
				},
				"type": "TumblingWindowTrigger",
				"typeProperties": {
					"frequency": "Minute",
					"interval": 5,
					"startTime": "2021-07-12T11:52:00Z",
					"delay": "00:00:00",
					"maxConcurrency": 50,
					"retryPolicy": {
						"intervalInSeconds": 30
					},
					"dependsOn": [
						{
							"type": "SelfDependencyTumblingWindowTriggerReference",
							"offset": "-0.00:05:00"
						}
					]
				}
			},
			"dependsOn": []
		}
	]
}