{
	"name": "PL_Demo_DataPipeline_PrivateEndPoint",
	"properties": {
		"activities": [
			{
				"name": "Copy file from Landing to Raw",
				"type": "Copy",
				"dependsOn": [],
				"policy": {
					"timeout": "7.00:00:00",
					"retry": 0,
					"retryIntervalInSeconds": 30,
					"secureOutput": false,
					"secureInput": false
				},
				"userProperties": [],
				"typeProperties": {
					"source": {
						"type": "DelimitedTextSource",
						"storeSettings": {
							"type": "AzureBlobStorageReadSettings",
							"recursive": false,
							"enablePartitionDiscovery": false
						},
						"formatSettings": {
							"type": "DelimitedTextReadSettings"
						}
					},
					"sink": {
						"type": "DelimitedTextSink",
						"storeSettings": {
							"type": "AzureBlobFSWriteSettings"
						},
						"formatSettings": {
							"type": "DelimitedTextWriteSettings",
							"quoteAllText": true,
							"fileExtension": ".txt"
						}
					},
					"enableStaging": false,
					"translator": {
						"type": "TabularTranslator",
						"typeConversion": true,
						"typeConversionSettings": {
							"allowDataTruncation": true,
							"treatBooleanAsNumber": false
						}
					}
				},
				"inputs": [
					{
						"referenceName": "DS_edmsbxsea_ablb_demo_landing",
						"type": "DatasetReference",
						"parameters": {
							"FileName": "sample_data.csv"
						}
					}
				],
				"outputs": [
					{
						"referenceName": "DS_edmsbxsea_adls_demo_raw",
						"type": "DatasetReference",
						"parameters": {
							"Filename": "sample_data_success.csv"
						}
					}
				]
			},
			{
				"name": "Write to Standardized zone in ADLS",
				"type": "DatabricksNotebook",
				"dependsOn": [
					{
						"activity": "Copy file from Landing to Raw",
						"dependencyConditions": [
							"Succeeded"
						]
					}
				],
				"policy": {
					"timeout": "7.00:00:00",
					"retry": 0,
					"retryIntervalInSeconds": 30,
					"secureOutput": false,
					"secureInput": false
				},
				"userProperties": [],
				"typeProperties": {
					"notebookPath": "/Shared/connect-to-adls"
				},
				"linkedServiceName": {
					"referenceName": "LS_edmsbxsea_adbk",
					"type": "LinkedServiceReference"
				}
			}
		],
		"folder": {
			"name": "demo-security"
		},
		"annotations": [],
		"lastPublishTime": "2021-04-01T04:37:28Z"
	},
	"type": "Microsoft.DataFactory/factories/pipelines"
}