{
	"name": "PL_EDM_BatchIngestion_GenerateControlFile",
	"properties": {
		"activities": [
			{
				"name": "Look Up Source Name",
				"description": "Look up source names from SQL DB",
				"type": "Lookup",
				"dependsOn": [],
				"policy": {
					"timeout": "7.00:00:00",
					"retry": 0,
					"retryIntervalInSeconds": 30,
					"secureOutput": false,
					"secureInput": false
				},
				"userProperties": [],
				"typeProperties": {
					"source": {
						"type": "AzureSqlSource",
						"sqlReaderStoredProcedureName": "[ETLlog].[usp_GetSourceName]",
						"storedProcedureParameters": {
							"SourceFileStatus": {
								"type": "String",
								"value": "Not Processed"
							}
						},
						"queryTimeout": "02:00:00",
						"partitionOption": "None"
					},
					"dataset": {
						"referenceName": "DS_edmsbxsea_asql",
						"type": "DatasetReference"
					},
					"firstRowOnly": false
				}
			},
			{
				"name": "For Each Source",
				"description": "Loop through all the sources",
				"type": "ForEach",
				"dependsOn": [
					{
						"activity": "Look Up Source Name",
						"dependencyConditions": [
							"Succeeded"
						]
					}
				],
				"userProperties": [],
				"typeProperties": {
					"items": {
						"value": "@activity('Look Up Source Name').output.value",
						"type": "Expression"
					},
					"activities": [
						{
							"name": "Create Control File",
							"type": "Copy",
							"dependsOn": [],
							"policy": {
								"timeout": "7.00:00:00",
								"retry": 0,
								"retryIntervalInSeconds": 30,
								"secureOutput": false,
								"secureInput": false
							},
							"userProperties": [],
							"typeProperties": {
								"source": {
									"type": "AzureSqlSource",
									"sqlReaderStoredProcedureName": "[ETLlog].[uspGetSourceFiles]",
									"storedProcedureParameters": {
										"SourceFileStatus": {
											"type": "String",
											"value": "Not Processed"
										},
										"SourceName": {
											"type": "String",
											"value": {
												"value": "@item().Source",
												"type": "Expression"
											}
										}
									},
									"queryTimeout": "02:00:00",
									"partitionOption": "None"
								},
								"sink": {
									"type": "DelimitedTextSink",
									"storeSettings": {
										"type": "AzureBlobStorageWriteSettings"
									},
									"formatSettings": {
										"type": "DelimitedTextWriteSettings",
										"quoteAllText": true,
										"fileExtension": ".txt"
									}
								},
								"enableStaging": false,
								"translator": {
									"type": "TabularTranslator",
									"typeConversion": true,
									"typeConversionSettings": {
										"allowDataTruncation": true,
										"treatBooleanAsNumber": false
									}
								}
							},
							"inputs": [
								{
									"referenceName": "DS_edmsbxsea_asql",
									"type": "DatasetReference"
								}
							],
							"outputs": [
								{
									"referenceName": "DS_edmsbxsea_ablb_intermediate",
									"type": "DatasetReference",
									"parameters": {
										"FolderName": {
											"value": "@item().Source",
											"type": "Expression"
										},
										"FileName": {
											"value": "@concat(item().source,'_input_',formatDateTime(utcnow(),'yyyyMMddTHHmmss'),'.csv')",
											"type": "Expression"
										}
									}
								}
							]
						}
					]
				}
			}
		],
		"folder": {
			"name": "Batch Ingestion"
		},
		"annotations": []
	}
}