{
	"name": "PL_EDM_BatchIngestion_ProcessLandingFiles",
	"properties": {
		"description": "Pipeline to process source files from landing zone, get their metadata and store in a separate csv file.",
		"activities": [
			{
				"name": "Process Landing Files",
				"description": "Process Landing files and create an entry in SQL DB ",
				"type": "Lookup",
				"dependsOn": [],
				"policy": {
					"timeout": "7.00:00:00",
					"retry": 0,
					"retryIntervalInSeconds": 30,
					"secureOutput": false,
					"secureInput": false
				},
				"userProperties": [],
				"typeProperties": {
					"source": {
						"type": "AzureSqlSource",
						"sqlReaderStoredProcedureName": "[ETLlog].[uspInsertPipelineLog]",
						"storedProcedureParameters": {
							"FileName": {
								"type": "String",
								"value": {
									"value": "@pipeline().parameters.FileName",
									"type": "Expression"
								}
							},
							"FilePath": {
								"type": "String",
								"value": {
									"value": "@pipeline().parameters.FilePath",
									"type": "Expression"
								}
							},
							"LoadType": {
								"type": "String",
								"value": "PROCESSSOURCEFILE"
							},
							"ObjectLoadStartDateTime": {
								"type": "DateTime",
								"value": {
									"value": "@formatDateTime(utcnow(), 'dd-MMM-yyyy HH:mm:ss')",
									"type": "Expression"
								}
							},
							"ParentPipelineLogID": {
								"type": "Int32",
								"value": null
							},
							"PipeLineName": {
								"type": "String",
								"value": {
									"value": "@pipeline().Pipeline",
									"type": "Expression"
								}
							},
							"PipelineRunID": {
								"type": "Guid",
								"value": {
									"value": "@pipeline().RunId",
									"type": "Expression"
								}
							},
							"SourceFileStatus": {
								"type": "String",
								"value": "Not Processed"
							},
							"SourceObjectID": {
								"type": "Int32",
								"value": null
							}
						},
						"queryTimeout": "02:00:00",
						"partitionOption": "None"
					},
					"dataset": {
						"referenceName": "DS_edmsbxsea_asql",
						"type": "DatasetReference"
					},
					"firstRowOnly": false
				}
			}
		],
		"parameters": {
			"FilePath": {
				"type": "string"
			},
			"FileName": {
				"type": "string"
			}
		},
		"folder": {
			"name": "Batch Ingestion"
		},
		"annotations": []
	}
}