{
	"name": "PL_EDM_BatchIngestion_LandingtoRaw",
	"properties": {
		"activities": [
			{
				"name": "Pipeline Log Stored Procedure",
				"type": "Lookup",
				"dependsOn": [],
				"policy": {
					"timeout": "7.00:00:00",
					"retry": 0,
					"retryIntervalInSeconds": 30,
					"secureOutput": false,
					"secureInput": false
				},
				"userProperties": [],
				"typeProperties": {
					"source": {
						"type": "AzureSqlSource",
						"sqlReaderStoredProcedureName": "[ETLlog].[uspInsertPipelineLog]",
						"storedProcedureParameters": {
							"ParentPipelineLogID": {
								"value": null
							},
							"SourceObjectID": {
								"value": null
							},
							"PipelineRunID": {
								"value": {
									"value": "@pipeline().RunId",
									"type": "Expression"
								}
							},
							"LoadType": {
								"value": "LandingToRaw"
							},
							"ObjectLoadStartDateTime": {
								"value": {
									"value": "@formatDateTime(utcnow(), 'dd-MMM-yyyy HH:mm:ss')",
									"type": "Expression"
								}
							},
							"FileName": {
								"value": {
									"value": "@pipeline().parameters.filename",
									"type": "Expression"
								}
							},
							"PipeLineName": {
								"value": {
									"value": "@pipeline().Pipeline",
									"type": "Expression"
								}
							}
						},
						"queryTimeout": "02:00:00",
						"partitionOption": "None"
					},
					"dataset": {
						"referenceName": "DS_edmsbxsea_asql",
						"type": "DatasetReference"
					},
					"firstRowOnly": false
				}
			},
			{
				"name": "Get Cluster Configuration db",
				"type": "Lookup",
				"dependsOn": [
					{
						"activity": "Pipeline Log Stored Procedure",
						"dependencyConditions": [
							"Succeeded"
						]
					}
				],
				"policy": {
					"timeout": "7.00:00:00",
					"retry": 0,
					"retryIntervalInSeconds": 30,
					"secureOutput": false,
					"secureInput": false
				},
				"userProperties": [],
				"typeProperties": {
					"source": {
						"type": "AzureSqlSource",
						"sqlReaderStoredProcedureName": "[ETLlog].[uspGetProcessConfiguration]",
						"storedProcedureParameters": {
							"SourceObjectId": {
								"type": "String",
								"value": null
							},
							"SourceID": {
								"type": "String",
								"value": null
							},
							"Type": {
								"type": "String",
								"value": "LandingToRaw"
							},
							"FileName": {
								"type": "String",
								"value": {
									"value": "@pipeline().parameters.filename",
									"type": "Expression"
								}
							}
						},
						"queryTimeout": "02:00:00",
						"partitionOption": "None"
					},
					"dataset": {
						"referenceName": "DS_edmsbxsea_asql",
						"type": "DatasetReference"
					},
					"firstRowOnly": true
				}
			},
			{
				"name": "Insert Master Notebook Activity Log",
				"type": "Lookup",
				"dependsOn": [
					{
						"activity": "Get Cluster Configuration db",
						"dependencyConditions": [
							"Succeeded"
						]
					}
				],
				"policy": {
					"timeout": "7.00:00:00",
					"retry": 0,
					"retryIntervalInSeconds": 30,
					"secureOutput": false,
					"secureInput": false
				},
				"userProperties": [],
				"typeProperties": {
					"source": {
						"type": "AzureSqlSource",
						"sqlReaderStoredProcedureName": "[ETLlog].[uspInsertPipelineEtlActivityLog]",
						"storedProcedureParameters": {
							"ActivityName": {
								"type": "String",
								"value": "Master Notebook"
							},
							"ActivityType": {
								"type": "String",
								"value": "Databricks"
							},
							"PipelineLogID": {
								"type": "Int32",
								"value": {
									"value": "@activity('Pipeline Log Stored Procedure').output.value[0].PipelineLogID",
									"type": "Expression"
								}
							},
							"SourceObjectID": {
								"type": "Int32",
								"value": null
							}
						},
						"queryTimeout": "02:00:00",
						"partitionOption": "None"
					},
					"dataset": {
						"referenceName": "DS_edmsbxsea_asql",
						"type": "DatasetReference"
					}
				}
			},
			{
				"name": "Master Notebook",
				"type": "DatabricksNotebook",
				"dependsOn": [
					{
						"activity": "Look Up Control File",
						"dependencyConditions": [
							"Succeeded"
						]
					}
				],
				"policy": {
					"timeout": "7.00:00:00",
					"retry": 10,
					"retryIntervalInSeconds": 30,
					"secureOutput": false,
					"secureInput": false
				},
				"userProperties": [],
				"typeProperties": {
					"notebookPath": "/Users/v-vjangid@microsoft.com/SCB_Batch_Ingestion_Framework/Master_Notebook_Refactored",
					"baseParameters": {
						"source_file_metadata": {
							"value": "@string(activity('Look Up Control File').output.value)",
							"type": "Expression"
						},
						"adls_account_name": "edmsbxseadlk",
						"config_path": "scb_env_config.json",
						"kv_name": "shared-sbx-sea-keyvault",
						"spn_id": "11209e50-9b0c-4792-b91a-40abce862e39",
						"tenant_id": "502f8483-2aef-4fcc-b127-93bc1263aac0",
						"spn_password": "_o_kU5-MEMVC~Q~AO9dH4Wr2E5-ujcjC6d"
					},
					"libraries": [
						{
							"maven": {
								"coordinates": "com.databricks:spark-xml_2.12:0.12.0"
							}
						},
						{
							"maven": {
								"coordinates": "com.ibm.informix:odbc:4.10.10"
							}
						},
						{
							"pypi": {
								"package": "pyodbc"
							}
						},
						{
							"maven": {
								"coordinates": "com.github.gslowikowski:spark-xml-extensions:1.0.0"
							}
						},
						{
							"maven": {
								"coordinates": "com.microsoft.azure:spark-mssql-connector:1.0.1"
							}
						},
						{
							"maven": {
								"coordinates": "com.microsoft.azure:spark-mssql-connector_2.12_3.0:1.0.0-alpha"
							}
						},
						{
							"jar": "dbfs:/FileStore/jars/9abdff4f_2dd5_46aa_ae90_08f1ab02ca9f-spark_core_2_11_1_5_2_logging-d50fe.jar"
						},
						{
							"maven": {
								"coordinates": "com.microsoft.azure:azure-eventhubs-spark_2.12:2.3.18"
							}
						},
						{
							"whl": "dbfs:/FileStore/jars/a05a052b_ff73_44cf_91b9_0caec7566988/edm-_Build.BuildNumber_-py3-none-any.whl"
						},
						{
							"jar": "dbfs:/pepsparkDBR_3.0.1_7.2.0.17.RC_pty.jar"
						},
						{
							"jar": "dbfs:/pephiveDBR_2.3.7_7.2.0.17.RC_pty.jar"
						},
						{
							"pypi": {
								"package": "azure-identity==1.2.0"
							}
						},
						{
							"pypi": {
								"package": "azure-keyvault==1.1.0"
							}
						},
						{
							"pypi": {
								"package": "azure-keyvault-secrets==4.0.1"
							}
						},
						{
							"pypi": {
								"package": "dotted"
							}
						},
						{
							"pypi": {
								"package": "opencensus-ext-azure==1.0.2"
							}
						},
						{
							"pypi": {
								"package": "xmltodict==0.12.0"
							}
						}
					]
				},
				"linkedServiceName": {
					"referenceName": "LS_EDMP_Adbk_BatchIngestion_ExistingInstancePool",
					"type": "LinkedServiceReference",
					"parameters": {
						"InstancePoolId": {
							"value": "@activity('Get Cluster Configuration db').output.firstRow.InstancePoolId",
							"type": "Expression"
						},
						"ClusterVersion": {
							"value": "@activity('Get Cluster Configuration db').output.firstRow.ClusterVersion",
							"type": "Expression"
						},
						"WorkerOptions": {
							"value": "@activity('Get Cluster Configuration db').output.firstRow.WorkerNode",
							"type": "Expression"
						},
						"ProjectCode": {
							"value": "@activity('Get Cluster Configuration db').output.firstRow.ProjectCode",
							"type": "Expression"
						}
					}
				}
			},
			{
				"name": "Insert Activity Error log",
				"type": "SqlServerStoredProcedure",
				"dependsOn": [
					{
						"activity": "Master Notebook",
						"dependencyConditions": [
							"Failed"
						]
					}
				],
				"policy": {
					"timeout": "7.00:00:00",
					"retry": 0,
					"retryIntervalInSeconds": 30,
					"secureOutput": false,
					"secureInput": false
				},
				"userProperties": [],
				"typeProperties": {
					"storedProcedureName": "[ETLlog].[uspInsertPipelineActivityErrorLog]",
					"storedProcedureParameters": {
						"ErrorMessage": {
							"value": "Databricks activity error",
							"type": "String"
						},
						"IsLandingToRawProcessed": {
							"value": "False",
							"type": "Boolean"
						},
						"IsRawtoStandardisedProcessed": {
							"value": "False",
							"type": "Boolean"
						},
						"PipelineActivityLogID": {
							"value": {
								"value": "@activity('Insert Master Notebook Activity Log').output.firstRow.PipelineActivityLogID",
								"type": "Expression"
							},
							"type": "Int32"
						},
						"PipelineLogID": {
							"value": {
								"value": "@activity('Pipeline Log Stored Procedure').output.value[0].PipelineLogID",
								"type": "Expression"
							},
							"type": "Int32"
						},
						"SoucreFileProcessLogID": {
							"value": {
								"value": "@activity('Pipeline Log Stored Procedure').output.value[0].SourceFileProcessLogID",
								"type": "Expression"
							},
							"type": "Int32"
						}
					}
				},
				"linkedServiceName": {
					"referenceName": "LS_edmsbxsea_asql",
					"type": "LinkedServiceReference"
				}
			},
			{
				"name": "Update Activity Log",
				"type": "SqlServerStoredProcedure",
				"dependsOn": [
					{
						"activity": "Master Notebook",
						"dependencyConditions": [
							"Succeeded"
						]
					}
				],
				"policy": {
					"timeout": "7.00:00:00",
					"retry": 0,
					"retryIntervalInSeconds": 30,
					"secureOutput": false,
					"secureInput": false
				},
				"userProperties": [],
				"typeProperties": {
					"storedProcedureName": "[ETLlog].[uspUpdatePipelineEtlActivityLog]",
					"storedProcedureParameters": {
						"ActivityStatus": {
							"value": "Success",
							"type": "String"
						},
						"PipelineActivityLogID": {
							"value": {
								"value": "@activity('Insert Master Notebook Activity Log').output.firstRow.PipelineActivityLogID",
								"type": "Expression"
							},
							"type": "Int32"
						}
					}
				},
				"linkedServiceName": {
					"referenceName": "LS_edmsbxsea_asql",
					"type": "LinkedServiceReference"
				}
			},
			{
				"name": "Look Up Control File",
				"type": "Lookup",
				"dependsOn": [
					{
						"activity": "Insert Master Notebook Activity Log",
						"dependencyConditions": [
							"Succeeded"
						]
					}
				],
				"policy": {
					"timeout": "7.00:00:00",
					"retry": 0,
					"retryIntervalInSeconds": 30,
					"secureOutput": false,
					"secureInput": false
				},
				"userProperties": [],
				"typeProperties": {
					"source": {
						"type": "DelimitedTextSource",
						"storeSettings": {
							"type": "AzureBlobStorageReadSettings",
							"recursive": true,
							"enablePartitionDiscovery": false
						},
						"formatSettings": {
							"type": "DelimitedTextReadSettings"
						}
					},
					"dataset": {
						"referenceName": "DS_edmsbxsea_ablb_intermediate",
						"type": "DatasetReference",
						"parameters": {
							"FolderName": {
								"value": "@split(pipeline().parameters.filepath, '/')[1]",
								"type": "Expression"
							},
							"FileName": {
								"value": "@pipeline().parameters.filename",
								"type": "Expression"
							}
						}
					},
					"firstRowOnly": false
				}
			}
		],
		"parameters": {
			"filename": {
				"type": "string",
				"defaultValue": "consumption_input_20210713T062410.csv"
			},
			"filepath": {
				"type": "string",
				"defaultValue": "intermediate/consumption"
			}
		},
		"folder": {
			"name": "Batch Ingestion"
		},
		"annotations": []
	}
}