{
	"name": "PL_EDM_BatchIngestion_RawToStandardized",
	"properties": {
		"activities": [
			{
				"name": "Pipeline Log Stored Procedure",
				"type": "Lookup",
				"dependsOn": [],
				"policy": {
					"timeout": "7.00:00:00",
					"retry": 0,
					"retryIntervalInSeconds": 30,
					"secureOutput": false,
					"secureInput": false
				},
				"userProperties": [],
				"typeProperties": {
					"source": {
						"type": "AzureSqlSource",
						"sqlReaderStoredProcedureName": "[ETLlog].[uspInsertPipelineLog]",
						"storedProcedureParameters": {
							"ParentPipelineLogID": {
								"value": null
							},
							"SourceObjectID": {
								"value": {
									"value": "@pipeline().parameters.SourceObjectId",
									"type": "Expression"
								}
							},
							"PipelineRunID": {
								"value": {
									"value": "@pipeline().RunId",
									"type": "Expression"
								}
							},
							"LoadType": {
								"value": "RawToStandardize"
							},
							"ObjectLoadStartDateTime": {
								"value": {
									"value": "@formatDateTime(utcnow(), 'dd-MMM-yyyy HH:mm:ss')",
									"type": "Expression"
								}
							},
							"FileName": {
								"value": "RTS"
							},
							"PipeLineName": {
								"value": {
									"value": "@pipeline().Pipeline",
									"type": "Expression"
								}
							}
						},
						"queryTimeout": "02:00:00",
						"partitionOption": "None"
					},
					"dataset": {
						"referenceName": "DS_edmsbxsea_asql",
						"type": "DatasetReference"
					},
					"firstRowOnly": false
				}
			},
			{
				"name": "Activity Log Stored Procedure",
				"type": "Lookup",
				"dependsOn": [
					{
						"activity": "Get Cluster Configuration",
						"dependencyConditions": [
							"Succeeded"
						]
					}
				],
				"policy": {
					"timeout": "7.00:00:00",
					"retry": 0,
					"retryIntervalInSeconds": 30,
					"secureOutput": false,
					"secureInput": false
				},
				"userProperties": [],
				"typeProperties": {
					"source": {
						"type": "AzureSqlSource",
						"sqlReaderStoredProcedureName": "[ETLlog].[uspInsertPipelineEtlActivityLog]",
						"storedProcedureParameters": {
							"SourceObjectID": {
								"value": null
							},
							"PipelineLogID": {
								"value": {
									"value": "@activity('Pipeline Log Stored Procedure').output.value[0].PipelineLogID",
									"type": "Expression"
								}
							},
							"ActivityName": {
								"value": {
									"value": "RawToStandardize",
									"type": "Expression"
								}
							},
							"ActivityType": {
								"value": "Databricks"
							}
						},
						"queryTimeout": "02:00:00",
						"partitionOption": "None"
					},
					"dataset": {
						"referenceName": "DS_edmsbxsea_asql",
						"type": "DatasetReference"
					},
					"firstRowOnly": false
				}
			},
			{
				"name": "Get Cluster Configuration",
				"type": "Lookup",
				"dependsOn": [
					{
						"activity": "Pipeline Log Stored Procedure",
						"dependencyConditions": [
							"Succeeded"
						]
					}
				],
				"policy": {
					"timeout": "7.00:00:00",
					"retry": 0,
					"retryIntervalInSeconds": 30,
					"secureOutput": false,
					"secureInput": false
				},
				"userProperties": [],
				"typeProperties": {
					"source": {
						"type": "AzureSqlSource",
						"sqlReaderStoredProcedureName": "[ETLlog].[uspGetProcessConfiguration]",
						"storedProcedureParameters": {
							"SourceObjectId": {
								"type": "String",
								"value": {
									"value": "@pipeline().parameters.SourceObjectId",
									"type": "Expression"
								}
							},
							"SourceID": {
								"type": "String",
								"value": {
									"value": "@pipeline().parameters.SourceId",
									"type": "Expression"
								}
							},
							"Type": {
								"type": "String",
								"value": "RawtoStandardized"
							},
							"FileName": {
								"type": "String",
								"value": null
							}
						},
						"queryTimeout": "02:00:00",
						"partitionOption": "None"
					},
					"dataset": {
						"referenceName": "DS_edmsbxsea_asql",
						"type": "DatasetReference"
					},
					"firstRowOnly": true
				}
			},
			{
				"name": "If Condition",
				"type": "IfCondition",
				"dependsOn": [
					{
						"activity": "Activity Log Stored Procedure",
						"dependencyConditions": [
							"Succeeded"
						]
					}
				],
				"userProperties": [],
				"typeProperties": {
					"expression": {
						"value": "@equals(activity('Get Cluster Configuration').output.firstRow.ClusterType,'NewJobCluster')",
						"type": "Expression"
					},
					"ifFalseActivities": [
						{
							"name": "RawToStandardizedExistingInstacePool",
							"type": "DatabricksNotebook",
							"dependsOn": [],
							"policy": {
								"timeout": "7.00:00:00",
								"retry": 10,
								"retryIntervalInSeconds": 30,
								"secureOutput": false,
								"secureInput": false
							},
							"userProperties": [],
							"typeProperties": {
								"notebookPath": "/Users/v-vjangid@microsoft.com/SCB_Batch_Ingestion_Framework/RawToStandardizeTransformations",
								"baseParameters": {
									"SourceObjectID": {
										"value": "@string(pipeline().parameters.SourceObjectId)",
										"type": "Expression"
									},
									"SourceID": {
										"value": "@string(pipeline().parameters.SourceId)",
										"type": "Expression"
									}
								},
								"libraries": [
									{
										"maven": {
											"coordinates": "com.databricks:spark-xml_2.12:0.12.0"
										}
									},
									{
										"maven": {
											"coordinates": "com.ibm.informix:odbc:4.10.10"
										}
									},
									{
										"pypi": {
											"package": "pyodbc"
										}
									},
									{
										"maven": {
											"coordinates": "com.github.gslowikowski:spark-xml-extensions:1.0.0"
										}
									},
									{
										"maven": {
											"coordinates": "com.microsoft.azure:spark-mssql-connector:1.0.1"
										}
									},
									{
										"maven": {
											"coordinates": "com.microsoft.azure:spark-mssql-connector_2.12_3.0:1.0.0-alpha"
										}
									},
									{
										"jar": "dbfs:/FileStore/jars/9abdff4f_2dd5_46aa_ae90_08f1ab02ca9f-spark_core_2_11_1_5_2_logging-d50fe.jar"
									},
									{
										"maven": {
											"coordinates": "com.microsoft.azure:azure-eventhubs-spark_2.12:2.3.18"
										}
									},
									{
										"whl": "dbfs:/FileStore/whl/edm-_Build.BuildNumber_-py3-none-any.whl"
									}
								]
							},
							"linkedServiceName": {
								"referenceName": "LS_EDMP_Adbk_BatchIngestion_ExistingInstancePool",
								"type": "LinkedServiceReference",
								"parameters": {
									"InstancePoolId": {
										"value": "@activity('Get Cluster Configuration').output.firstRow.InstancePoolId",
										"type": "Expression"
									},
									"ClusterVersion": {
										"value": "@activity('Get Cluster Configuration').output.firstRow.ClusterVersion",
										"type": "Expression"
									},
									"WorkerOptions": {
										"value": "@activity('Get Cluster Configuration').output.firstRow.WorkerNode",
										"type": "Expression"
									},
									"ProjectCode": {
										"value": "@activity('Get Cluster Configuration').output.firstRow.ProjectCode",
										"type": "Expression"
									}
								}
							}
						},
						{
							"name": "Update Activity log_ExistingInstancePool",
							"type": "SqlServerStoredProcedure",
							"dependsOn": [
								{
									"activity": "RawToStandardizedExistingInstacePool",
									"dependencyConditions": [
										"Succeeded"
									]
								}
							],
							"policy": {
								"timeout": "7.00:00:00",
								"retry": 0,
								"retryIntervalInSeconds": 30,
								"secureOutput": false,
								"secureInput": false
							},
							"userProperties": [],
							"typeProperties": {
								"storedProcedureName": "[ETLlog].[uspUpdatePipelineEtlActivityLog]",
								"storedProcedureParameters": {
									"PipelineActivityLogID": {
										"value": {
											"value": "@activity('Activity Log Stored Procedure').output.value[0].PipelineActivityLogID",
											"type": "Expression"
										},
										"type": "Int64"
									},
									"ActivityStatus": {
										"value": "Success",
										"type": "String"
									}
								}
							},
							"linkedServiceName": {
								"referenceName": "LS_edmsbxsea_asql",
								"type": "LinkedServiceReference"
							}
						},
						{
							"name": "Insert Activity Error log_ExistingInstancePool",
							"type": "SqlServerStoredProcedure",
							"dependsOn": [
								{
									"activity": "RawToStandardizedExistingInstacePool",
									"dependencyConditions": [
										"Failed"
									]
								}
							],
							"policy": {
								"timeout": "7.00:00:00",
								"retry": 0,
								"retryIntervalInSeconds": 30,
								"secureOutput": false,
								"secureInput": false
							},
							"userProperties": [],
							"typeProperties": {
								"storedProcedureName": "[ETLlog].[uspInsertPipelineActivityErrorLog]",
								"storedProcedureParameters": {
									"ErrorMessage": {
										"value": "RawToStandardized Error'",
										"type": "String"
									},
									"IsLandingToRawProcessed": {
										"value": null,
										"type": "Boolean"
									},
									"IsRawtoStandardisedProcessed": {
										"value": null,
										"type": "Boolean"
									},
									"PipelineActivityLogID": {
										"value": {
											"value": "@activity('Activity Log Stored Procedure').output.value[0].PipelineActivityLogID",
											"type": "Expression"
										},
										"type": "Int32"
									},
									"PipelineLogID": {
										"value": {
											"value": "@activity('Pipeline Log Stored Procedure').output.value[0].PipelineLogID",
											"type": "Expression"
										},
										"type": "Int32"
									},
									"SoucreFileProcessLogID": {
										"value": null,
										"type": "Int32"
									}
								}
							},
							"linkedServiceName": {
								"referenceName": "LS_edmsbxsea_asql",
								"type": "LinkedServiceReference"
							}
						}
					],
					"ifTrueActivities": [
						{
							"name": "RawToStandardizedNewJobCluster",
							"type": "DatabricksNotebook",
							"dependsOn": [],
							"policy": {
								"timeout": "7.00:00:00",
								"retry": 10,
								"retryIntervalInSeconds": 30,
								"secureOutput": false,
								"secureInput": false
							},
							"userProperties": [],
							"typeProperties": {
								"notebookPath": "/Users/v-vjangid@microsoft.com/SCB_Batch_Ingestion_Framework/RawToStandardizeTransformations",
								"baseParameters": {
									"SourceObjectID": {
										"value": "@string(pipeline().parameters.SourceObjectId)",
										"type": "Expression"
									},
									"SourceID": {
										"value": "@string(pipeline().parameters.SourceId)",
										"type": "Expression"
									}
								},
								"libraries": [
									{
										"maven": {
											"coordinates": "com.databricks:spark-xml_2.12:0.12.0"
										}
									},
									{
										"maven": {
											"coordinates": "com.ibm.informix:odbc:4.10.10"
										}
									},
									{
										"pypi": {
											"package": "pyodbc"
										}
									},
									{
										"maven": {
											"coordinates": "com.github.gslowikowski:spark-xml-extensions:1.0.0"
										}
									},
									{
										"maven": {
											"coordinates": "com.microsoft.azure:spark-mssql-connector:1.0.1"
										}
									},
									{
										"maven": {
											"coordinates": "com.microsoft.azure:spark-mssql-connector_2.12_3.0:1.0.0-alpha"
										}
									},
									{
										"jar": "dbfs:/FileStore/jars/9abdff4f_2dd5_46aa_ae90_08f1ab02ca9f-spark_core_2_11_1_5_2_logging-d50fe.jar"
									},
									{
										"maven": {
											"coordinates": "com.microsoft.azure:azure-eventhubs-spark_2.12:2.3.18"
										}
									},
									{
										"whl": "dbfs:/FileStore/whl/edm-_Build.BuildNumber_-py3-none-any.whl"
									}
								]
							},
							"linkedServiceName": {
								"referenceName": "LS_EDMP_Adbk_BatchIngestion_NewJobCluster",
								"type": "LinkedServiceReference",
								"parameters": {
									"ClusterVersion": {
										"value": "@activity('Get Cluster Configuration').output.firstRow.ClusterVersion",
										"type": "Expression"
									},
									"ClusterNodeType": {
										"value": "@activity('Get Cluster Configuration').output.firstRow.ClusterNodeType",
										"type": "Expression"
									},
									"ClusterDriverNodeType": {
										"value": "@activity('Get Cluster Configuration').output.firstRow.ClusterDriverType",
										"type": "Expression"
									},
									"WorkerOptions": {
										"value": "@activity('Get Cluster Configuration').output.firstRow.WorkerNode",
										"type": "Expression"
									},
									"ProjectCode": {
										"value": "@activity('Get Cluster Configuration').output.firstRow.ProjectCode",
										"type": "Expression"
									}
								}
							}
						},
						{
							"name": "Update Activity log",
							"type": "SqlServerStoredProcedure",
							"dependsOn": [
								{
									"activity": "RawToStandardizedNewJobCluster",
									"dependencyConditions": [
										"Succeeded"
									]
								}
							],
							"policy": {
								"timeout": "7.00:00:00",
								"retry": 0,
								"retryIntervalInSeconds": 30,
								"secureOutput": false,
								"secureInput": false
							},
							"userProperties": [],
							"typeProperties": {
								"storedProcedureName": "[ETLlog].[uspUpdatePipelineEtlActivityLog]",
								"storedProcedureParameters": {
									"PipelineActivityLogID": {
										"value": {
											"value": "@activity('Activity Log Stored Procedure').output.value[0].PipelineActivityLogID",
											"type": "Expression"
										},
										"type": "Int64"
									},
									"ActivityStatus": {
										"value": "Success",
										"type": "String"
									}
								}
							},
							"linkedServiceName": {
								"referenceName": "LS_edmsbxsea_asql",
								"type": "LinkedServiceReference"
							}
						},
						{
							"name": "Insert Activity Error log",
							"type": "SqlServerStoredProcedure",
							"dependsOn": [
								{
									"activity": "RawToStandardizedNewJobCluster",
									"dependencyConditions": [
										"Failed"
									]
								}
							],
							"policy": {
								"timeout": "7.00:00:00",
								"retry": 0,
								"retryIntervalInSeconds": 30,
								"secureOutput": false,
								"secureInput": false
							},
							"userProperties": [],
							"typeProperties": {
								"storedProcedureName": "[ETLlog].[uspInsertPipelineActivityErrorLog]",
								"storedProcedureParameters": {
									"PipelineLogID": {
										"value": {
											"value": "@activity('Pipeline Log Stored Procedure').output.value[0].PipelineLogID",
											"type": "Expression"
										},
										"type": "Int64"
									},
									"PipelineActivityLogID": {
										"value": {
											"value": "@activity('Activity Log Stored Procedure').output.value[0].PipelineActivityLogID",
											"type": "Expression"
										},
										"type": "Int64"
									},
									"ErrorMessage": {
										"value": "RawToStandardize failed",
										"type": "String"
									},
									"SoucreFileProcessLogID": {
										"value": null
									},
									"IsLandingToRawProcessed": {
										"value": null
									},
									"IsRawtoStandardisedProcessed": {
										"value": null
									}
								}
							},
							"linkedServiceName": {
								"referenceName": "LS_edmsbxsea_asql",
								"type": "LinkedServiceReference"
							}
						}
					]
				}
			}
		],
		"parameters": {
			"SourceId": {
				"type": "int"
			},
			"SourceObjectId": {
				"type": "int"
			}
		},
		"folder": {
			"name": "Batch Ingestion"
		},
		"annotations": [],
		"lastPublishTime": "2021-04-19T06:44:26Z"
	},
	"type": "Microsoft.DataFactory/factories/pipelines"
}