{
	"name": "DS_edmsbxsea_ablb_lr_Input",
	"properties": {
		"linkedServiceName": {
			"referenceName": "LS_edmsbxsea_ablb",
			"type": "LinkedServiceReference"
		},
		"parameters": {
			"fileName": {
				"type": "string"
			},
			"source": {
				"type": "string"
			},
			"countryCode": {
				"type": "string"
			}
		},
		"annotations": [],
		"type": "DelimitedText",
		"typeProperties": {
			"location": {
				"type": "AzureBlobStorageLocation",
				"fileName": {
					"value": "@dataset().Filename",
					"type": "Expression"
				},
				"folderPath": {
					"value": "@concat('data','/',dataset().source,'/',dataset().countryCode)",
					"type": "Expression"
				},
				"container": "incoming"
			},
			"columnDelimiter": ",",
			"escapeChar": "\\",
			"quoteChar": "\""
		},
		"schema": []
	},
	"type": "Microsoft.DataFactory/factories/datasets"
}