{
	"name": "DS_edmsbxsea_adls_lr_output",
	"properties": {
		"linkedServiceName": {
			"referenceName": "LS_edmsbxsea_adls",
			"type": "LinkedServiceReference"
		},
		"parameters": {
			"fileName": {
				"type": "string"
			},
			"source": {
				"type": "string"
			},
			"countryCode": {
				"type": "string"
			},
			"tableName": {
				"type": "string"
			}
		},
		"annotations": [],
		"type": "DelimitedText",
		"typeProperties": {
			"location": {
				"type": "AzureBlobFSLocation",
				"fileName": {
					"value": "@dataset().fileName",
					"type": "Expression"
				},
				"folderPath": {
					"value": "@concat('data','/',dataset().source,'/',dataset().countryCode,'/',dataset().tableName,'/',formatDateTime(utcnow(),'yyyy'),'/',formatDateTime(utcnow(),'MM'),'/',formatDateTime(utcnow(),'dd'))",
					"type": "Expression"
				},
				"fileSystem": "raw"
			},
			"columnDelimiter": ",",
			"escapeChar": "\\",
			"quoteChar": "\""
		},
		"schema": []
	},
	"type": "Microsoft.DataFactory/factories/datasets"
}