{
	"name": "DS_edmsbxsea_asql",
	"properties": {
		"linkedServiceName": {
			"referenceName": "LS_edmsbxsea_asql",
			"type": "LinkedServiceReference"
		},
		"annotations": [],
		"type": "AzureSqlTable",
		"schema": [
			{
				"name": "Source_row_count",
				"type": "int",
				"precision": 10
			},
			{
				"name": "Destination_row_count",
				"type": "int",
				"precision": 10
			},
			{
				"name": "Filesread",
				"type": "int",
				"precision": 10
			},
			{
				"name": "Fileswritten",
				"type": "int",
				"precision": 10
			}
		],
		"typeProperties": {
			"schema": "ETLlog",
			"table": "FileLog"
		}
	},
	"type": "Microsoft.DataFactory/factories/datasets"
}