{
	"name": "DS_edmsbxsea_adls_demo_raw",
	"properties": {
		"linkedServiceName": {
			"referenceName": "LS_edmsbxsea_adlk_public",
			"type": "LinkedServiceReference"
		},
		"parameters": {
			"Filename": {
				"type": "string"
			}
		},
		"annotations": [],
		"type": "DelimitedText",
		"typeProperties": {
			"location": {
				"type": "AzureBlobFSLocation",
				"fileName": {
					"value": "@dataset().Filename",
					"type": "Expression"
				},
				"fileSystem": "raw"
			},
			"columnDelimiter": ",",
			"escapeChar": "\\",
			"quoteChar": "\""
		},
		"schema": []
	},
	"type": "Microsoft.DataFactory/factories/datasets"
}