{
	"name": "PL_EDM_BatchIngestion_NewJobPoolCreation",
	"properties": {
		"activities": [
			{
				"name": "ForEachPool",
				"type": "ForEach",
				"dependsOn": [
					{
						"activity": "Get Pools To Be Created",
						"dependencyConditions": [
							"Succeeded"
						]
					}
				],
				"userProperties": [],
				"typeProperties": {
					"items": {
						"value": "@activity('Get Pools To Be Created').output.value",
						"type": "Expression"
					},
					"activities": [
						{
							"name": "Create Job Pools",
							"type": "WebActivity",
							"dependsOn": [],
							"policy": {
								"timeout": "7.00:00:00",
								"retry": 0,
								"retryIntervalInSeconds": 30,
								"secureOutput": false,
								"secureInput": false
							},
							"userProperties": [],
							"typeProperties": {
								"url": {
									"value": "@pipeline().parameters.DatabricksWorkspaceUrl",
									"type": "Expression"
								},
								"method": "POST",
								"headers": {
									"Authorization": {
										"value": "@pipeline().parameters.DatabricksKey",
										"type": "Expression"
									}
								},
								"body": {
									"value": "@json(item().ConfigurationBody)",
									"type": "Expression"
								}
							}
						},
						{
							"name": "InsertPoolConfigurationLog",
							"type": "SqlServerStoredProcedure",
							"dependsOn": [
								{
									"activity": "Create Job Pools",
									"dependencyConditions": [
										"Succeeded"
									]
								}
							],
							"policy": {
								"timeout": "7.00:00:00",
								"retry": 0,
								"retryIntervalInSeconds": 30,
								"secureOutput": false,
								"secureInput": false
							},
							"userProperties": [],
							"typeProperties": {
								"storedProcedureName": "[ETLlog].[uspUpdatePoolConfigurationLog]",
								"storedProcedureParameters": {
									"PoolConfigurationID": {
										"value": {
											"value": "@item().PoolConfigurationID",
											"type": "Expression"
										},
										"type": "Int64"
									},
									"InstancePoolId": {
										"value": {
											"value": "@activity('Create Job Pools').output.instance_pool_id",
											"type": "Expression"
										},
										"type": "String"
									},
									"Mode": {
										"value": "insert",
										"type": "String"
									}
								}
							},
							"linkedServiceName": {
								"referenceName": "LS_edmsbxsea_asql",
								"type": "LinkedServiceReference"
							}
						}
					]
				}
			},
			{
				"name": "Get Pools To Be Created",
				"type": "Lookup",
				"dependsOn": [
					{
						"activity": "Pipeline Log Stored Procedure",
						"dependencyConditions": [
							"Succeeded"
						]
					}
				],
				"policy": {
					"timeout": "7.00:00:00",
					"retry": 0,
					"retryIntervalInSeconds": 30,
					"secureOutput": false,
					"secureInput": false
				},
				"userProperties": [],
				"typeProperties": {
					"source": {
						"type": "AzureSqlSource",
						"sqlReaderStoredProcedureName": "[Metadata].[uspGetPoolConfig]",
						"queryTimeout": "00:10:00",
						"partitionOption": "None"
					},
					"dataset": {
						"referenceName": "DS_edmsbxsea_asql",
						"type": "DatasetReference"
					},
					"firstRowOnly": false
				}
			},
			{
				"name": "Pipeline Log Stored Procedure",
				"type": "Lookup",
				"dependsOn": [],
				"policy": {
					"timeout": "7.00:00:00",
					"retry": 0,
					"retryIntervalInSeconds": 30,
					"secureOutput": false,
					"secureInput": false
				},
				"userProperties": [],
				"typeProperties": {
					"source": {
						"type": "AzureSqlSource",
						"sqlReaderStoredProcedureName": "[ETLlog].[uspInsertPipelineLog]",
						"storedProcedureParameters": {
							"ParentPipelineLogID": {
								"value": null
							},
							"SourceObjectID": {
								"value": null
							},
							"PipelineRunID": {
								"value": {
									"value": "@pipeline().RunId",
									"type": "Expression"
								}
							},
							"LoadType": {
								"value": "Job Pool Creation "
							},
							"ObjectLoadStartDateTime": {
								"value": {
									"value": "@formatDateTime(utcnow(), 'dd-MMM-yyyy HH:mm:ss')",
									"type": "Expression"
								}
							},
							"FileName": {
								"value": null
							},
							"PipeLineName": {
								"value": {
									"value": "@pipeline().Pipeline",
									"type": "Expression"
								}
							}
						},
						"queryTimeout": "02:00:00",
						"partitionOption": "None"
					},
					"dataset": {
						"referenceName": "DS_edmsbxsea_asql",
						"type": "DatasetReference"
					},
					"firstRowOnly": false
				}
			},
			{
				"name": "Update Pipeline Log",
				"type": "SqlServerStoredProcedure",
				"dependsOn": [
					{
						"activity": "ForEachPool",
						"dependencyConditions": [
							"Succeeded"
						]
					}
				],
				"policy": {
					"timeout": "7.00:00:00",
					"retry": 0,
					"retryIntervalInSeconds": 30,
					"secureOutput": false,
					"secureInput": false
				},
				"userProperties": [],
				"typeProperties": {
					"storedProcedureName": "[ETLlog].[uspUpdatePipelineLog]",
					"storedProcedureParameters": {
						"PipelineLogID": {
							"value": {
								"value": "@activity('Pipeline Log Stored Procedure').output.value[0].PipelineLogID",
								"type": "Expression"
							},
							"type": "Int64"
						},
						"SourceFileProcessLogID": {
							"value": null,
							"type": "Int64"
						},
						"SourceCount": {
							"value": null,
							"type": "Int64"
						},
						"TargetCount": {
							"value": null,
							"type": "Int64"
						},
						"ErrorCount": {
							"value": null,
							"type": "Int64"
						},
						"IsLandingToRawProcessed": {
							"value": null,
							"type": "Single"
						},
						"IsRawtoStandardisedProcessed": {
							"value": null,
							"type": "Single"
						},
						"PipelineStatus": {
							"value": "Succeeded",
							"type": "String"
						},
						"SourceObjectId": {
							"value": null,
							"type": "Int64"
						},
						"SourceId": {
							"value": null,
							"type": "Int64"
						}
					}
				},
				"linkedServiceName": {
					"referenceName": "LS_edmsbxsea_asql",
					"type": "LinkedServiceReference"
				}
			},
			{
				"name": "Insert Activity Error log",
				"type": "SqlServerStoredProcedure",
				"dependsOn": [
					{
						"activity": "ForEachPool",
						"dependencyConditions": [
							"Failed"
						]
					}
				],
				"policy": {
					"timeout": "7.00:00:00",
					"retry": 0,
					"retryIntervalInSeconds": 30,
					"secureOutput": false,
					"secureInput": false
				},
				"userProperties": [],
				"typeProperties": {
					"storedProcedureName": "[ETLlog].[uspInsertPipelineActivityErrorLog]",
					"storedProcedureParameters": {
						"ErrorMessage": {
							"value": "Creation of Job Pool Failed",
							"type": "String"
						},
						"IsLandingToRawProcessed": {
							"value": null,
							"type": "Boolean"
						},
						"IsRawtoStandardisedProcessed": {
							"value": null,
							"type": "Boolean"
						},
						"PipelineActivityLogID": {
							"value": null,
							"type": "Int32"
						},
						"PipelineLogID": {
							"value": {
								"value": "@activity('Pipeline Log Stored Procedure').output.value[0].PipelineLogID",
								"type": "Expression"
							},
							"type": "Int32"
						},
						"SoucreFileProcessLogID": {
							"value": null,
							"type": "Int32"
						}
					}
				},
				"linkedServiceName": {
					"referenceName": "LS_edmsbxsea_asql",
					"type": "LinkedServiceReference"
				}
			}
		],
		"parameters": {
			"DatabricksWorkspaceUrl": {
				"type": "string",
				"defaultValue": "https://adb-8045677374177174.14.azuredatabricks.net/api/2.0/instance-pools/create"
			},
			"DatabricksKey": {
				"type": "string",
				"defaultValue": "Bearer dapi47c2de9409e9ebff6919f0172f21be72"
			}
		},
		"variables": {
			"var_body": {
				"type": "String"
			}
		},
		"folder": {
			"name": "Batch Ingestion"
		},
		"annotations": []
	}
}