{
	"name": "DelimitedText2",
	"properties": {
		"linkedServiceName": {
			"referenceName": "LS_edmsbxsea_ablb",
			"type": "LinkedServiceReference"
		},
		"parameters": {
			"directory": {
				"type": "string",
				"defaultValue": "data/ebbs/ph"
			},
			"filename": {
				"type": "string",
				"defaultValue": "ebbs_ph_gintrt_20200906_1000.csv"
			}
		},
		"annotations": [],
		"type": "DelimitedText",
		"typeProperties": {
			"location": {
				"type": "AzureBlobStorageLocation",
				"fileName": {
					"value": "@dataset().filename",
					"type": "Expression"
				},
				"folderPath": {
					"value": "@dataset().directory",
					"type": "Expression"
				},
				"container": "incoming"
			},
			"columnDelimiter": ",",
			"escapeChar": "\\",
			"quoteChar": "\""
		},
		"schema": []
	}
}