{
	"name": "LS_EDM_ADBK_DisasterRecovery",
	"properties": {
		"parameters": {
			"SPNPassword": {
				"type": "string",
				"defaultValue": "xyz"
			}
		},
		"annotations": [],
		"type": "AzureDatabricks",
		"typeProperties": {
			"domain": "https://adb-8045677374177174.14.azuredatabricks.net",
			"authentication": "MSI",
			"workspaceResourceId": "/subscriptions/e87cf38c-8f6f-4cb2-a8ec-886a94bc28d5/resourceGroups/edm-sbx-sea-rg/providers/Microsoft.Databricks/workspaces/edm-sbx-sea-adbk",
			"newClusterNodeType": "Standard_DS3_v2",
			"newClusterNumOfWorker": "2:4",
			"newClusterSparkEnvVars": {
				"SPN_PASSWORD": {
					"value": "@linkedService().SPNPassword",
					"type": "Expression"
				},
				"PYSPARK_PYTHON": "/databricks/python3/bin/python3"
			},
			"newClusterVersion": "7.3.x-scala2.12",
			"newClusterInitScripts": []
		}
	}
}