{
	"name": "LS_edmsbxsea_asql",
	"properties": {
		"annotations": [],
		"type": "AzureSqlDatabase",
		"typeProperties": {
			"connectionString": "Integrated Security=False;Encrypt=True;Connection Timeout=30;Data Source=scb-sql-failover-group.database.windows.net;Initial Catalog=edmsbxseasqldb;User ID=azureuser",
			"password": {
				"type": "AzureKeyVaultSecret",
				"store": {
					"referenceName": "LS_EDMP_KeyVault",
					"type": "LinkedServiceReference"
				},
				"secretName": "MetaDBPassword"
			}
		}
	},
	"type": "Microsoft.DataFactory/factories/linkedservices"
}