{
	"name": "LS_EDMP_Adbk_BatchIngestion_ExistingInstancePool",
	"properties": {
		"description": "Linked Service for the Instance pools",
		"parameters": {
			"InstancePoolId": {
				"type": "string",
				"defaultValue": "0609-025219-chef542-pool-8hQtBpXB"
			},
			"ClusterVersion": {
				"type": "string",
				"defaultValue": "7.3.x-scala2.12"
			},
			"WorkerOptions": {
				"type": "string",
				"defaultValue": "1:3"
			},
			"ProjectCode": {
				"type": "string",
				"defaultValue": "POCProject001"
			},
			"SpnPassword": {
				"type": "string"
			}
		},
		"annotations": [],
		"type": "AzureDatabricks",
		"typeProperties": {
			"domain": "https://adb-8045677374177174.14.azuredatabricks.net",
			"authentication": "MSI",
			"workspaceResourceId": "/subscriptions/e87cf38c-8f6f-4cb2-a8ec-886a94bc28d5/resourceGroups/edm-sbx-sea-rg/providers/Microsoft.Databricks/workspaces/edm-sbx-sea-adbk",
			"instancePoolId": "@linkedService().InstancePoolId",
			"newClusterNumOfWorker": "@linkedService().WorkerOptions",
			"newClusterSparkConf": {
				"spark.executor.extraJavaOptions": "-Djpeplite=/opt/protegrity/jpeplite/lib/jpeplite.plm",
				"spark.driver.extraJavaOptions": "-Djpeplite=/opt/protegrity/jpeplite/lib/jpeplite.plm"
			},
			"newClusterSparkEnvVars": {
				"SPN_PASSWORD": {
					"value": "@linkedService().SpnPassword",
					"type": "Expression"
				},
				"PYSPARK_PYTHON": "/databricks/python3/bin/python3"
			},
			"newClusterCustomTags": {
				"ProjectCode": {
					"value": "@linkedService().ProjectCode",
					"type": "Expression"
				}
			},
			"newClusterVersion": "@linkedService().ClusterVersion",
			"newClusterInitScripts": [
				"dbfs:/BDP_Init_Script_7.2.0.17-RC_pty.sh"
			]
		}
	}
}