{
	"name": "Binary1",
	"properties": {
		"linkedServiceName": {
			"referenceName": "LS_edmsbxsea_adlk_public",
			"type": "LinkedServiceReference"
		},
		"parameters": {
			"filename": {
				"type": "string"
			}
		},
		"annotations": [],
		"type": "Binary",
		"typeProperties": {
			"location": {
				"type": "AzureBlobFSLocation",
				"fileName": {
					"value": "@dataset().filename",
					"type": "Expression"
				},
				"folderPath": "zip",
				"fileSystem": "staging"
			},
			"compression": {
				"type": "gzip"
			}
		}
	}
}