{
	"name": "DS_edmsbxsea_ablb_intermediate",
	"properties": {
		"linkedServiceName": {
			"referenceName": "LS_edmsbxsea_ablb",
			"type": "LinkedServiceReference"
		},
		"parameters": {
			"FolderName": {
				"type": "string"
			},
			"FileName": {
				"type": "string"
			}
		},
		"annotations": [],
		"type": "DelimitedText",
		"typeProperties": {
			"location": {
				"type": "AzureBlobStorageLocation",
				"fileName": {
					"value": "@dataset().FileName",
					"type": "Expression"
				},
				"folderPath": {
					"value": "@dataset().FolderName",
					"type": "Expression"
				},
				"container": "intermediate"
			},
			"columnDelimiter": ",",
			"escapeChar": "\\",
			"firstRowAsHeader": true,
			"quoteChar": "\""
		},
		"schema": []
	}
}