{
	"name": "DS_EDMP_Adls_EnvConfig",
	"properties": {
		"linkedServiceName": {
			"referenceName": "LS_edmsbxsea_adls",
			"type": "LinkedServiceReference"
		},
		"parameters": {
			"FileSystem": {
				"type": "string"
			},
			"ConfigFileName": {
				"type": "string"
			}
		},
		"annotations": [],
		"type": "Json",
		"typeProperties": {
			"location": {
				"type": "AzureBlobFSLocation",
				"fileName": {
					"value": "@dataset().ConfigFileName",
					"type": "Expression"
				},
				"fileSystem": {
					"value": "@dataset().FileSystem",
					"type": "Expression"
				}
			}
		},
		"schema": {}
	}
}