{
	"name": "DS_edmsbxsea_adls_rs_output",
	"properties": {
		"linkedServiceName": {
			"referenceName": "LS_edmsbxsea_adls",
			"type": "LinkedServiceReference"
		},
		"parameters": {
			"Filename": {
				"type": "string"
			},
			"Source": {
				"type": "string"
			},
			"Country_Code": {
				"type": "string"
			},
			"Table_Name": {
				"type": "string"
			}
		},
		"annotations": [],
		"type": "DelimitedText",
		"typeProperties": {
			"location": {
				"type": "AzureBlobFSLocation",
				"fileName": {
					"value": "@dataset().Filename",
					"type": "Expression"
				},
				"folderPath": {
					"value": "@concat('data','/',dataset().Source,'/',dataset().Country_Code,'/',dataset().Table_Name,'/',formatDateTime(utcnow(),'yyyy'),'/',formatDateTime(utcnow(),'MM'),'/',formatDateTime(utcnow(),'dd'))",
					"type": "Expression"
				},
				"fileSystem": "raw"
			},
			"columnDelimiter": ",",
			"escapeChar": "\\",
			"quoteChar": "\""
		},
		"schema": []
	},
	"type": "Microsoft.DataFactory/factories/datasets"
}