{
	"name": "DS_edmsbxsea_adls_archive",
	"properties": {
		"linkedServiceName": {
			"referenceName": "LS_edmsbxsea_adls",
			"type": "LinkedServiceReference"
		},
		"parameters": {
			"Filename": {
				"type": "string"
			},
			"Source": {
				"type": "string"
			},
			"Country_Code": {
				"type": "string"
			},
			"Table_Name": {
				"type": "string"
			}
		},
		"annotations": [],
		"type": "DelimitedText",
		"typeProperties": {
			"location": {
				"type": "AzureBlobFSLocation",
				"fileSystem": "landing"
			},
			"columnDelimiter": ",",
			"escapeChar": "\\",
			"firstRowAsHeader": false,
			"quoteChar": "\""
		},
		"schema": []
	},
	"type": "Microsoft.DataFactory/factories/datasets"
}