{
	"name": "DS_edmsbxsea_ablb_landing",
	"properties": {
		"linkedServiceName": {
			"referenceName": "LS_edmsbxsea_ablb",
			"type": "LinkedServiceReference"
		},
		"parameters": {
			"FileName": {
				"type": "string"
			}
		},
		"annotations": [],
		"type": "DelimitedText",
		"typeProperties": {
			"location": {
				"type": "AzureBlobStorageLocation",
				"fileName": {
					"value": "@dataset().Filename",
					"type": "Expression"
				}
			},
			"columnDelimiter": ",",
			"escapeChar": "\\",
			"quoteChar": "\""
		},
		"schema": []
	},
	"type": "Microsoft.DataFactory/factories/datasets"
}