{
	"name": "DS_edmsbxsea_ablb_sf_Input",
	"properties": {
		"linkedServiceName": {
			"referenceName": "LS_edmsbxsea_ablb",
			"type": "LinkedServiceReference"
		},
		"annotations": [],
		"type": "DelimitedText",
		"typeProperties": {
			"location": {
				"type": "AzureBlobStorageLocation",
				"folderPath": "data",
				"container": "incoming"
			},
			"columnDelimiter": ",",
			"escapeChar": "\\",
			"quoteChar": "\""
		},
		"schema": []
	},
	"type": "Microsoft.DataFactory/factories/datasets"
}