{
	"name": "LS_EDMP_Adbk_BatchIngestion_ExistingInteractiveCluster",
	"properties": {
		"description": "Linked Service is used for the ExistingInteractiveCluster",
		"parameters": {
			"ExistingClusterID": {
				"type": "string",
				"defaultValue": "0531-084656-quays30"
			}
		},
		"annotations": [],
		"type": "AzureDatabricks",
		"typeProperties": {
			"domain": "https://adb-8045677374177174.14.azuredatabricks.net",
			"authentication": "MSI",
			"workspaceResourceId": "/subscriptions/e87cf38c-8f6f-4cb2-a8ec-886a94bc28d5/resourceGroups/edm-sbx-sea-rg/providers/Microsoft.Databricks/workspaces/edm-sbx-sea-adbk",
			"existingClusterId": "@linkedService().ExistingClusterID"
		}
	}
}