{
	"name": "LS_EDMP_Adbk_BatchIngestion_NewJobCluster",
	"properties": {
		"description": "Linked Service for new job cluster.",
		"parameters": {
			"ClusterVersion": {
				"type": "string",
				"defaultValue": "7.3.x-scala2.12"
			},
			"ClusterNodeType": {
				"type": "string",
				"defaultValue": "Standard_DS3_v2"
			},
			"ClusterDriverNodeType": {
				"type": "string",
				"defaultValue": "Standard_DS3_v2"
			},
			"WorkerOptions": {
				"type": "string",
				"defaultValue": "1:3"
			},
			"ProjectCode": {
				"type": "string",
				"defaultValue": "POCProject001"
			}
		},
		"annotations": [],
		"type": "AzureDatabricks",
		"typeProperties": {
			"domain": "https://adb-8045677374177174.14.azuredatabricks.net",
			"authentication": "MSI",
			"workspaceResourceId": "/subscriptions/e87cf38c-8f6f-4cb2-a8ec-886a94bc28d5/resourceGroups/edm-sbx-sea-rg/providers/Microsoft.Databricks/workspaces/edm-sbx-sea-adbk",
			"newClusterNodeType": "@linkedService().ClusterNodeType",
			"newClusterNumOfWorker": "@linkedService().WorkerOptions",
			"newClusterSparkEnvVars": {
				"PYSPARK_PYTHON": "/databricks/python3/bin/python3"
			},
			"newClusterCustomTags": {
				"ProjectCode": {
					"value": "@linkedService().ProjectCode",
					"type": "Expression"
				}
			},
			"newClusterVersion": "@linkedService().ClusterVersion",
			"newClusterInitScripts": [],
			"newClusterDriverNodeType": "@linkedService().ClusterDriverNodeType"
		}
	}
}