{
	"name": "LS_edmsbxsea_adbk",
	"properties": {
		"annotations": [],
		"type": "AzureDatabricks",
		"typeProperties": {
			"domain": "https://adb-8045677374177174.14.azuredatabricks.net",
			"authentication": "MSI",
			"workspaceResourceId": "/subscriptions/e87cf38c-8f6f-4cb2-a8ec-886a94bc28d5/resourceGroups/edm-sbx-sea-rg/providers/Microsoft.Databricks/workspaces/edm-sbx-sea-adbk",
			"existingClusterId": "0409-081727-gulfs718"
		}
	},
	"type": "Microsoft.DataFactory/factories/linkedservices"
}